symbol,filing_date,filing_description,filing_url,recent_insider_buys,recent_insider_sells,earnings_quality_keyword_hit,screened_on,status,pbt_growth_pct,earnings_quality_check,verdict,fwd_60d_return_pct
AFRINSURE,2026-09-30,AFRICAN ALLIANCE INSURANCE PLC- QUARTER 2 - FINANCIAL STATEMENT FOR 2025,https://doclib.ngxgroup.com/Financial_NewsDocs/47984_AFRICAN_ALLIANCE_INSURANCE_PLC-_QUARTER_2_-_FINANCIAL_STATEMENT_FOR_2025_FINANCIAL_STATEMENTS_SEPTEMBER_2026.pdf,0,0,False,2026-09-30,pending_manual_read,,,,
LEGENDINT,2026-09-17,LEGEND INTERNET PLC- UNAUDITED FINANCIAL STATEMENT FOR 12 MONTHS ENDED 31 JULY 2026,https://doclib.ngxgroup.com/Financial_NewsDocs/47902_LEGEND_INTERNET_PLC-_YEAR_END_-_FINANCIAL_STATEMENT_FOR_2026_FINANCIAL_STATEMENTS_SEPTEMBER_2026.pdf,0,0,False,2026-09-30,pending_manual_read,,,,
GTCO,2026-09-28,GUARANTY TRUST HOLDING COMPANY PLC- QUARTER 2 - FINANCIAL STATEMENT FOR 2026,https://doclib.ngxgroup.com/Financial_NewsDocs/47958_GUARANTY_TRUST_HOLDING_COMPANY_PLC-_QUARTER_2_-_FINANCIAL_STATEMENT_FOR_2026_FINANCIAL_STATEMENTS_SEPTEMBER_2026.pdf,0,0,False,2026-09-30,pending_manual_read,,,,
EUNISELL,2026-09-28,EUNISELL INTERLINKED PLC- QUARTER 5 - FINANCIAL STATEMENT FOR 2026,https://doclib.ngxgroup.com/Financial_NewsDocs/47950_EUNISELL_INTERLINKED_PLC-_QUARTER_5_-_FINANCIAL_STATEMENT_FOR_2026_FINANCIAL_STATEMENTS_SEPTEMBER_2026.pdf,0,0,False,2026-09-30,pending_manual_read,,,,
PZ,2026-09-30,PZ CUSSONS NIGERIA PLC- QUARTER 1 - FINANCIAL STATEMENT FOR 2027,https://doclib.ngxgroup.com/Financial_NewsDocs/48007_PZ_CUSSONS_NIGERIA_PLC-_QUARTER_1_-_FINANCIAL_STATEMENT_FOR_2027_FINANCIAL_STATEMENTS_SEPTEMBER_2026.pdf,0,0,False,2026-09-30,pending_manual_read,,,,
STANBIC,2026-09-30,STANBIC IBTC  HOLDINGS PLC- QUARTER 2 - FINANCIAL STATEMENT FOR 2026,https://doclib.ngxgroup.com/Financial_NewsDocs/47981_STANBIC_IBTC__HOLDINGS_PLC-_QUARTER_2_-_FINANCIAL_STATEMENT_FOR_2026_FINANCIAL_STATEMENTS_SEPTEMBER_2026.pdf,0,0,False,2026-09-30,pending_manual_read,,,,
STANBIC,2026-10-02,STANBIC IBTC  HOLDINGS PLC- QUARTER 2 - FINANCIAL STATEMENT FOR 2026,https://doclib.ngxgroup.com/Financial_NewsDocs/STANBIC_IBTC_HOLDINGS_PLC_-_HALF_YEAR_AFS_FOR_2026.pdf,0,0,False,2026-10-02,pending_manual_read,,,,
MULTITREX,2026-10-02,MULTI-TREX INTEGRATED FOODS PLC- QUARTER 5 - FINANCIAL STATEMENT FOR 2025,https://doclib.ngxgroup.com/Financial_NewsDocs/48035_MULTI-TREX_INTEGRATED_FOODS_PLC-_QUARTER_5_-_FINANCIAL_STATEMENT_FOR_2025_FINANCIAL_STATEMENTS_OCTOBER_2026.pdf,0,0,False,2026-10-02,pending_manual_read,,,,
AFRINSURE,2026-10-03,AFRICAN ALLIANCE INSURANCE PLC- QUARTER 3 - FINANCIAL STATEMENT FOR 2025,https://doclib.ngxgroup.com/Financial_NewsDocs/48037_AFRICAN_ALLIANCE_INSURANCE_PLC-_QUARTER_3_-_FINANCIAL_STATEMENT_FOR_2025_FINANCIAL_STATEMENTS_OCTOBER_2026.pdf,0,0,False,2026-10-03,pending_manual_read,,,,
MULTITREX,2026-10-05,MULTI-TREX INTEGRATED FOODS PLC- QUARTER 1 - FINANCIAL STATEMENT FOR 2026,https://doclib.ngxgroup.com/Financial_NewsDocs/48041_MULTI-TREX_INTEGRATED_FOODS_PLC-_QUARTER_1_-_FINANCIAL_STATEMENT_FOR_2026_FINANCIAL_STATEMENTS_OCTOBER_2026.pdf,0,0,False,2026-10-05,pending_manual_read,,,,
MULTITREX,2026-10-06,MULTI-TREX INTEGRATED FOODS PLC- YEAR END - FINANCIAL STATEMENT FOR 2026,https://doclib.ngxgroup.com/Financial_NewsDocs/48047_MULTI-TREX_INTEGRATED_FOODS_PLC-_YEAR_END_-_FINANCIAL_STATEMENT_FOR_2026_FINANCIAL_STATEMENTS_OCTOBER_2026.pdf,0,0,False,2026-10-06,pending_manual_read,,,,
AFRINSURE,2026-10-08,AFRICAN ALLIANCE INSURANCE PLC- Q4 UNAUDITED FINANCIAL STATEMENT FOR THE PERIOD ENDED 31 DEC 2025,https://doclib.ngxgroup.com/Financial_NewsDocs/48053_AFRICAN_ALLIANCE_INSURANCE_PLC-_YEAR_END_-_FINANCIAL_STATEMENT_FOR_2025_FINANCIAL_STATEMENTS_OCTOBER_2026.pdf,0,0,False,2026-10-08,pending_manual_read,,,,
NIDF,2026-10-08,NIGERIA INFRASTRUCTURE DEBT FUND- QUARTER 3 - FINANCIAL STATEMENT FOR 2026,https://doclib.ngxgroup.com/Financial_NewsDocs/48054_NIGERIA_INFRASTRUCTURE_DEBT_FUND-_QUARTER_3_-_FINANCIAL_STATEMENT_FOR_2026_FINANCIAL_STATEMENTS_OCTOBER_2026.pdf,0,0,False,2026-10-08,pending_manual_read,,,,
ZENITHBANK,2026-10-09,ZENITH BANK PLC- QUARTER 2 - FINANCIAL STATEMENT FOR 2026,https://doclib.ngxgroup.com/Financial_NewsDocs/48062_ZENITH_BANK_PLC-_QUARTER_2_-_FINANCIAL_STATEMENT_FOR_2026_FINANCIAL_STATEMENTS_OCTOBER_2026.pdf,0,0,False,2026-10-10,pending_manual_read,,,,
