year,quarter,period_label,agriculture__level_nbn,agriculture__yoy_pct,agriculture__qoq_pct,agriculture__share_of_gdp_pct,cropProduction__level_nbn,cropProduction__yoy_pct,cropProduction__qoq_pct,cropProduction__share_of_gdp_pct,livestock__level_nbn,livestock__yoy_pct,livestock__qoq_pct,livestock__share_of_gdp_pct,forestry__level_nbn,forestry__yoy_pct,forestry__qoq_pct,forestry__share_of_gdp_pct,fishing__level_nbn,fishing__yoy_pct,fishing__qoq_pct,fishing__share_of_gdp_pct,industry__level_nbn,industry__yoy_pct,industry__qoq_pct,industry__share_of_gdp_pct,miningAndQuarrying__level_nbn,miningAndQuarrying__yoy_pct,miningAndQuarrying__qoq_pct,miningAndQuarrying__share_of_gdp_pct,crudePetroleumAndNaturalGas__level_nbn,crudePetroleumAndNaturalGas__yoy_pct,crudePetroleumAndNaturalGas__qoq_pct,crudePetroleumAndNaturalGas__share_of_gdp_pct,coalMining__level_nbn,coalMining__yoy_pct,coalMining__qoq_pct,coalMining__share_of_gdp_pct,metalOres__level_nbn,metalOres__yoy_pct,metalOres__qoq_pct,metalOres__share_of_gdp_pct,quarryingAndOtherMinerals__level_nbn,quarryingAndOtherMinerals__yoy_pct,quarryingAndOtherMinerals__qoq_pct,quarryingAndOtherMinerals__share_of_gdp_pct,manufacturing__level_nbn,manufacturing__yoy_pct,manufacturing__qoq_pct,manufacturing__share_of_gdp_pct,oilRefining__level_nbn,oilRefining__yoy_pct,oilRefining__qoq_pct,oilRefining__share_of_gdp_pct,cement__level_nbn,cement__yoy_pct,cement__qoq_pct,cement__share_of_gdp_pct,foodBeverageAndTobacco__level_nbn,foodBeverageAndTobacco__yoy_pct,foodBeverageAndTobacco__qoq_pct,foodBeverageAndTobacco__share_of_gdp_pct,textileApparelAndFootwear__level_nbn,textileApparelAndFootwear__yoy_pct,textileApparelAndFootwear__qoq_pct,textileApparelAndFootwear__share_of_gdp_pct,woodAndWoodProducts__level_nbn,woodAndWoodProducts__yoy_pct,woodAndWoodProducts__qoq_pct,woodAndWoodProducts__share_of_gdp_pct,pulpPaperAndPaperProducts__level_nbn,pulpPaperAndPaperProducts__yoy_pct,pulpPaperAndPaperProducts__qoq_pct,pulpPaperAndPaperProducts__share_of_gdp_pct,chemicalAndPharmaceuticalProducts__level_nbn,chemicalAndPharmaceuticalProducts__yoy_pct,chemicalAndPharmaceuticalProducts__qoq_pct,chemicalAndPharmaceuticalProducts__share_of_gdp_pct,nonMetallicProducts__level_nbn,nonMetallicProducts__yoy_pct,nonMetallicProducts__qoq_pct,nonMetallicProducts__share_of_gdp_pct,plasticAndRubberProducts__level_nbn,plasticAndRubberProducts__yoy_pct,plasticAndRubberProducts__qoq_pct,plasticAndRubberProducts__share_of_gdp_pct,electricalAndElectronics__level_nbn,electricalAndElectronics__yoy_pct,electricalAndElectronics__qoq_pct,electricalAndElectronics__share_of_gdp_pct,basicMetalIronAndSteel__level_nbn,basicMetalIronAndSteel__yoy_pct,basicMetalIronAndSteel__qoq_pct,basicMetalIronAndSteel__share_of_gdp_pct,motorVehiclesAndAssembly__level_nbn,motorVehiclesAndAssembly__yoy_pct,motorVehiclesAndAssembly__qoq_pct,motorVehiclesAndAssembly__share_of_gdp_pct,otherManufacturing__level_nbn,otherManufacturing__yoy_pct,otherManufacturing__qoq_pct,otherManufacturing__share_of_gdp_pct,electricityGasSteamAndAirCon__level_nbn,electricityGasSteamAndAirCon__yoy_pct,electricityGasSteamAndAirCon__qoq_pct,electricityGasSteamAndAirCon__share_of_gdp_pct,waterSupplySewageWaste__level_nbn,waterSupplySewageWaste__yoy_pct,waterSupplySewageWaste__qoq_pct,waterSupplySewageWaste__share_of_gdp_pct,construction__level_nbn,construction__yoy_pct,construction__qoq_pct,construction__share_of_gdp_pct,services__level_nbn,services__yoy_pct,services__qoq_pct,services__share_of_gdp_pct,trade__level_nbn,trade__yoy_pct,trade__qoq_pct,trade__share_of_gdp_pct,accommodationAndFoodServices__level_nbn,accommodationAndFoodServices__yoy_pct,accommodationAndFoodServices__qoq_pct,accommodationAndFoodServices__share_of_gdp_pct,transportationAndStorage__level_nbn,transportationAndStorage__yoy_pct,transportationAndStorage__qoq_pct,transportationAndStorage__share_of_gdp_pct,roadTransport__level_nbn,roadTransport__yoy_pct,roadTransport__qoq_pct,roadTransport__share_of_gdp_pct,railTransportAndPipelines__level_nbn,railTransportAndPipelines__yoy_pct,railTransportAndPipelines__qoq_pct,railTransportAndPipelines__share_of_gdp_pct,waterTransport__level_nbn,waterTransport__yoy_pct,waterTransport__qoq_pct,waterTransport__share_of_gdp_pct,airTransport__level_nbn,airTransport__yoy_pct,airTransport__qoq_pct,airTransport__share_of_gdp_pct,transportServices__level_nbn,transportServices__yoy_pct,transportServices__qoq_pct,transportServices__share_of_gdp_pct,postAndCourierServices__level_nbn,postAndCourierServices__yoy_pct,postAndCourierServices__qoq_pct,postAndCourierServices__share_of_gdp_pct,informationAndCommunication__level_nbn,informationAndCommunication__yoy_pct,informationAndCommunication__qoq_pct,informationAndCommunication__share_of_gdp_pct,telecommunicationsAndInformationServices__level_nbn,telecommunicationsAndInformationServices__yoy_pct,telecommunicationsAndInformationServices__qoq_pct,telecommunicationsAndInformationServices__share_of_gdp_pct,publishing__level_nbn,publishing__yoy_pct,publishing__qoq_pct,publishing__share_of_gdp_pct,motionPicturesSoundRecordingAndMusicProduction__level_nbn,motionPicturesSoundRecordingAndMusicProduction__yoy_pct,motionPicturesSoundRecordingAndMusicProduction__qoq_pct,motionPicturesSoundRecordingAndMusicProduction__share_of_gdp_pct,broadcasting__level_nbn,broadcasting__yoy_pct,broadcasting__qoq_pct,broadcasting__share_of_gdp_pct,artsEntertainmentAndRecreation__level_nbn,artsEntertainmentAndRecreation__yoy_pct,artsEntertainmentAndRecreation__qoq_pct,artsEntertainmentAndRecreation__share_of_gdp_pct,financeAndInsurance__level_nbn,financeAndInsurance__yoy_pct,financeAndInsurance__qoq_pct,financeAndInsurance__share_of_gdp_pct,financialInstitutions__level_nbn,financialInstitutions__yoy_pct,financialInstitutions__qoq_pct,financialInstitutions__share_of_gdp_pct,insurance__level_nbn,insurance__yoy_pct,insurance__qoq_pct,insurance__share_of_gdp_pct,realEstate__level_nbn,realEstate__yoy_pct,realEstate__qoq_pct,realEstate__share_of_gdp_pct,professionalScientificAndTechnicalServices__level_nbn,professionalScientificAndTechnicalServices__yoy_pct,professionalScientificAndTechnicalServices__qoq_pct,professionalScientificAndTechnicalServices__share_of_gdp_pct,administrativeAndSupportServicesBusinessServices__level_nbn,administrativeAndSupportServicesBusinessServices__yoy_pct,administrativeAndSupportServicesBusinessServices__qoq_pct,administrativeAndSupportServicesBusinessServices__share_of_gdp_pct,publicAdministration__level_nbn,publicAdministration__yoy_pct,publicAdministration__qoq_pct,publicAdministration__share_of_gdp_pct,education__level_nbn,education__yoy_pct,education__qoq_pct,education__share_of_gdp_pct,humanHealthAndSocialServices__level_nbn,humanHealthAndSocialServices__yoy_pct,humanHealthAndSocialServices__qoq_pct,humanHealthAndSocialServices__share_of_gdp_pct,otherServices__level_nbn,otherServices__yoy_pct,otherServices__qoq_pct,otherServices__share_of_gdp_pct,gdPatCurrentBasicPrices__level_nbn,gdPatCurrentBasicPrices__yoy_pct,gdPatCurrentBasicPrices__qoq_pct,netTaxesOnProducts__level_nbn,netTaxesOnProducts__yoy_pct,netTaxesOnProducts__qoq_pct,gdPatCurrentMarketPrices__level_nbn,gdPatCurrentMarketPrices__yoy_pct,gdPatCurrentMarketPrices__qoq_pct,oilGDP__level_nbn,oilGDP__yoy_pct,oilGDP__qoq_pct,oilGDP__share_of_gdp_pct,nonOilGDP__level_nbn,nonOilGDP__yoy_pct,nonOilGDP__qoq_pct,nonOilGDP__share_of_gdp_pct
2010,Q1,2010Q1,2594.76,,,20.62,2262.18,,,17.98,237.3,,,1.89,30.42,,,0.24,64.86,,,0.52,3284.29,,,26.1,1952.21,,,15.51,1937.63,,,15.4,1.11,,,0.01,0.81,,,0.01,12.65,,,0.1,875.41,,,6.96,63.52,,,0.5,54.47,,,0.43,565.18,,,4.49,80.3,,,0.64,30.76,,,0.24,5.98,,,0.05,6.25,,,0.05,14.95,,,0.12,8.39,,,0.07,0.62,,,0.0,10.99,,,0.09,5.26,,,0.04,28.73,,,0.23,44.52,,,0.35,10.77,,,0.09,401.38,,,3.19,6704.43,,,53.28,2191.34,,,17.41,63.14,,,0.5,144.85,,,1.15,129.03,,,1.03,0.02,,,0.0,0.83,,,0.01,7.22,,,0.06,3.98,,,0.03,3.77,,,0.03,1448.81,,,11.51,1172.49,,,9.32,2.16,,,0.02,124.07,,,0.99,150.1,,,1.19,7.61,,,0.06,489.15,,,3.89,428.15,,,3.4,61.0,,,0.48,888.23,,,7.06,406.16,,,3.23,3.2,,,0.03,497.14,,,3.95,205.69,,,1.63,85.6,,,0.68,273.51,,,2.17,12583.48,,,206.9,,,12790.38,,,1937.63,,,15.4,10645.85,,,84.6
2010,Q2,2010Q2,2873.38,,10.74,22.21,2561.46,,13.23,19.8,216.1,,-8.93,1.67,34.38,,13.02,0.27,61.43,,-5.29,0.47,3314.21,,0.91,25.62,1993.68,,2.12,15.41,1983.89,,2.39,15.34,0.86,,-22.52,0.01,0.66,,-18.52,0.01,8.26,,-34.7,0.06,880.64,,0.6,6.81,63.47,,-0.08,0.49,54.9,,0.79,0.42,568.09,,0.51,4.39,81.38,,1.34,0.63,30.95,,0.62,0.24,6.05,,1.17,0.05,6.27,,0.32,0.05,15.08,,0.87,0.12,8.42,,0.36,0.07,0.62,,0.0,0.0,11.03,,0.36,0.09,5.42,,3.04,0.04,28.97,,0.84,0.22,40.13,,-9.86,0.31,11.21,,4.09,0.09,388.55,,-3.2,3.0,6746.94,,0.63,52.16,2234.2,,1.96,17.27,52.91,,-16.2,0.41,176.51,,21.86,1.36,158.93,,23.17,1.23,0.03,,50.0,0.0,1.12,,34.94,0.01,7.77,,7.62,0.06,5.08,,27.64,0.04,3.57,,-5.31,0.03,1432.94,,-1.1,11.08,1204.11,,2.7,9.31,1.71,,-20.83,0.01,108.98,,-12.16,0.84,118.14,,-21.29,0.91,6.03,,-20.76,0.05,481.0,,-1.67,3.72,412.56,,-3.64,3.19,68.44,,12.2,0.53,972.28,,9.46,7.52,425.06,,4.65,3.29,3.42,,6.87,0.03,479.66,,-3.52,3.71,212.77,,3.44,1.64,81.77,,-4.47,0.63,188.39,,-31.12,1.46,12934.53,,2.79,206.97,,0.03,13141.5,,2.75,1983.89,,2.39,15.34,10950.64,,2.86,84.66
2010,Q3,2010Q3,4000.03,,39.21,27.96,3660.1,,42.89,25.59,247.97,,14.75,1.73,33.75,,-1.83,0.24,58.21,,-5.24,0.41,3422.53,,3.27,23.93,2104.92,,5.58,14.72,2092.03,,5.45,14.63,0.4,,-53.49,0.0,0.55,,-16.67,0.0,11.94,,44.55,0.08,892.15,,1.31,6.24,63.62,,0.24,0.44,55.56,,1.2,0.39,574.13,,1.06,4.01,87.4,,7.4,0.61,29.92,,-3.33,0.21,6.18,,2.15,0.04,6.31,,0.64,0.04,13.97,,-7.36,0.1,8.48,,0.71,0.06,0.63,,1.61,0.0,11.1,,0.63,0.08,5.79,,6.83,0.04,29.06,,0.31,0.2,44.53,,10.96,0.31,11.75,,4.82,0.08,369.19,,-4.98,2.58,6881.88,,2.0,48.11,2230.76,,-0.15,15.59,65.72,,24.21,0.46,177.67,,0.66,1.24,157.5,,-0.9,1.1,0.02,,-33.33,0.0,1.29,,15.18,0.01,8.71,,12.1,0.06,6.29,,23.82,0.04,3.86,,8.12,0.03,1489.95,,3.98,10.42,1243.49,,3.27,8.69,2.26,,32.16,0.02,125.34,,15.01,0.88,118.85,,0.6,0.83,7.96,,32.01,0.06,453.04,,-5.81,3.17,390.91,,-5.25,2.73,62.13,,-9.22,0.43,1062.7,,9.3,7.43,438.72,,3.21,3.07,3.31,,-3.22,0.02,471.73,,-1.65,3.3,203.3,,-4.45,1.42,79.49,,-2.79,0.56,197.53,,4.85,1.38,14304.44,,10.59,212.15,,2.5,14516.59,,10.46,2092.03,,5.45,14.63,12212.41,,11.52,85.37
2010,Q4,2010Q4,3580.73,,-10.48,24.21,3200.16,,-12.57,21.64,278.19,,12.19,1.88,37.17,,10.13,0.25,65.21,,12.03,0.44,3805.4,,11.19,25.73,2403.74,,14.2,16.25,2389.12,,14.2,16.15,0.84,,110.0,0.01,0.33,,-40.0,0.0,13.45,,12.65,0.09,930.45,,4.29,6.29,64.55,,1.46,0.44,56.15,,1.06,0.38,591.13,,2.96,4.0,103.46,,18.38,0.7,31.75,,6.12,0.21,6.15,,-0.49,0.04,6.34,,0.48,0.04,15.55,,11.31,0.11,8.58,,1.18,0.06,0.64,,1.59,0.0,11.35,,2.25,0.08,5.42,,-6.39,0.04,29.39,,1.14,0.2,50.29,,12.94,0.34,9.07,,-22.81,0.06,411.85,,11.56,2.78,7403.69,,7.58,50.06,2336.35,,4.73,15.8,64.0,,-2.62,0.43,195.74,,10.17,1.32,173.68,,10.27,1.17,0.04,,100.0,0.0,0.98,,-24.03,0.01,8.97,,2.99,0.06,7.3,,16.06,0.05,4.78,,23.83,0.03,1583.36,,6.27,10.71,1311.9,,5.5,8.87,2.65,,17.26,0.02,120.8,,-3.62,0.82,148.01,,24.54,1.0,9.34,,17.34,0.06,485.62,,7.19,3.28,417.12,,6.7,2.82,68.51,,10.27,0.46,1204.78,,13.37,8.15,441.75,,0.69,2.99,3.2,,-3.32,0.02,549.93,,16.58,3.72,204.91,,0.79,1.39,84.11,,5.81,0.57,240.59,,21.8,1.63,14789.82,,3.39,231.06,,8.91,15020.88,,3.47,2389.12,,14.2,16.15,12400.7,,1.54,83.85
2011,Q1,2011Q1,2653.86,2.28,-25.88,19.73,2312.36,2.22,-27.74,17.19,240.59,1.39,-13.52,1.79,30.16,-0.85,-18.86,0.22,70.76,9.1,8.51,0.53,3878.28,18.09,1.92,28.83,2423.14,24.12,0.81,18.01,2406.68,24.21,0.73,17.89,1.3,17.12,54.76,0.01,0.9,11.11,172.73,0.01,14.26,12.73,6.02,0.11,958.33,9.47,3.0,7.12,67.94,6.96,5.25,0.51,53.31,-2.13,-5.06,0.4,583.94,3.32,-1.22,4.34,100.4,25.03,-2.96,0.75,30.5,-0.85,-3.94,0.23,6.53,9.2,6.18,0.05,6.94,11.04,9.46,0.05,22.87,52.98,47.07,0.17,17.88,113.11,108.39,0.13,1.0,61.29,56.25,0.01,23.36,112.56,105.81,0.17,6.23,18.44,14.94,0.05,37.44,30.32,27.39,0.28,62.75,40.95,24.78,0.47,10.86,0.84,19.74,0.08,423.2,5.44,2.76,3.15,6918.57,3.19,-6.55,51.44,2336.15,6.61,-0.01,17.37,64.46,2.09,0.72,0.48,153.36,5.88,-21.65,1.14,132.89,2.99,-23.49,0.99,0.02,0.0,-50.0,0.0,0.65,-21.69,-33.67,0.0,11.91,64.96,32.78,0.09,4.09,2.76,-43.97,0.03,3.81,1.06,-20.29,0.03,1420.19,-1.98,-10.31,10.56,1140.89,-2.7,-13.04,8.48,2.57,18.98,-3.02,0.02,117.09,-5.63,-3.07,0.87,159.63,6.35,7.85,1.19,18.34,141.0,96.36,0.14,342.27,-30.03,-29.52,2.54,280.88,-34.4,-32.66,2.09,61.38,0.62,-10.41,0.46,902.31,1.59,-25.11,6.71,464.33,14.32,5.11,3.45,3.43,7.19,7.19,0.03,596.12,19.91,8.4,4.43,237.24,15.34,15.78,1.76,98.08,14.58,16.61,0.73,282.29,3.21,17.33,2.1,13450.72,6.89,-9.05,171.08,-17.31,-25.96,13621.79,6.5,-9.31,2406.68,24.21,0.73,17.89,11044.04,3.74,-10.94,82.11
2011,Q2,2011Q2,2955.29,2.85,11.36,21.48,2624.44,2.46,13.5,19.08,224.92,4.08,-6.51,1.63,37.66,9.54,24.87,0.27,68.27,11.13,-3.52,0.5,3708.68,11.9,-4.37,26.96,2205.66,10.63,-8.98,16.03,2193.57,10.57,-8.85,15.94,1.06,23.26,-18.46,0.01,0.81,22.73,-10.0,0.01,10.21,23.61,-28.4,0.07,1035.17,17.55,8.02,7.52,67.81,6.84,-0.19,0.49,58.5,6.56,9.74,0.43,609.68,7.32,4.41,4.43,136.58,67.83,36.04,0.99,31.88,3.0,4.52,0.23,6.9,14.05,5.67,0.05,10.21,62.84,47.12,0.07,23.95,58.82,4.72,0.17,18.68,121.85,4.47,0.14,1.08,74.19,8.0,0.01,24.45,121.67,4.67,0.18,6.6,21.77,5.94,0.05,38.84,34.07,3.74,0.28,58.57,45.95,-6.66,0.43,12.36,10.26,13.81,0.09,396.93,2.16,-6.21,2.89,7093.76,5.14,2.53,51.56,2389.49,6.95,2.28,17.37,53.17,0.49,-17.51,0.39,182.38,3.33,18.92,1.33,160.45,0.96,20.74,1.17,0.03,0.0,50.0,0.0,0.96,-14.29,47.69,0.01,10.81,39.12,-9.24,0.08,6.1,20.08,49.14,0.04,4.03,12.89,5.77,0.03,1522.29,6.24,7.19,11.06,1262.65,4.86,10.67,9.18,2.08,21.64,-19.07,0.02,122.73,12.62,4.82,0.89,134.82,14.12,-15.54,0.98,20.46,239.3,11.56,0.15,368.76,-23.33,7.74,2.68,298.34,-27.69,6.22,2.17,70.42,2.89,14.73,0.51,984.56,1.26,9.12,7.16,481.39,13.25,3.67,3.5,3.41,-0.29,-0.58,0.02,559.72,16.69,-6.11,4.07,226.86,6.62,-4.38,1.65,99.75,21.99,1.7,0.73,201.51,6.96,-28.62,1.46,13757.73,6.36,2.28,159.58,-22.9,-6.72,13917.31,5.9,2.17,2193.57,10.57,-8.85,15.94,11564.16,5.6,4.71,84.06
2011,Q3,2011Q3,4130.57,3.26,39.77,27.87,3783.27,3.37,44.16,25.53,249.86,0.76,11.09,1.69,35.77,5.99,-5.02,0.24,61.67,5.94,-9.67,0.42,3610.81,5.5,-2.64,24.37,2036.65,-3.24,-7.66,13.74,2022.2,-3.34,-7.81,13.65,0.49,22.5,-53.77,0.0,0.62,12.73,-23.46,0.0,13.34,11.73,30.66,0.09,1092.26,22.43,5.52,7.37,67.65,6.33,-0.24,0.46,62.2,11.95,6.32,0.42,624.73,8.81,2.47,4.22,160.94,84.14,17.84,1.09,34.07,13.87,6.87,0.23,7.46,20.71,8.12,0.05,10.39,64.66,1.76,0.07,26.71,91.2,11.52,0.18,19.54,130.42,4.6,0.13,1.2,90.48,11.11,0.01,26.05,134.68,6.54,0.18,6.73,16.23,1.97,0.05,44.58,53.41,14.78,0.3,60.24,35.28,2.85,0.41,11.86,0.94,-4.05,0.08,409.8,11.0,3.24,2.77,7078.24,2.85,-0.22,47.76,2394.39,7.34,0.21,16.16,70.6,7.43,32.78,0.48,192.58,8.39,5.59,1.3,165.44,5.04,3.11,1.12,0.03,50.0,0.0,0.0,1.23,-4.65,28.12,0.01,14.18,62.8,31.17,0.1,7.83,24.48,28.36,0.05,3.87,0.26,-3.97,0.03,1417.25,-4.88,-6.9,9.56,1163.23,-6.45,-7.87,7.85,3.53,56.19,69.71,0.02,121.89,-2.75,-0.68,0.82,128.6,8.2,-4.61,0.87,18.84,136.68,-7.92,0.13,330.11,-27.13,-10.48,2.23,267.13,-31.66,-10.46,1.8,62.98,1.37,-10.57,0.42,1043.02,-1.85,5.94,7.04,517.33,17.92,7.47,3.49,3.52,6.34,3.23,0.02,537.21,13.88,-4.02,3.62,269.74,32.68,18.9,1.82,86.72,9.1,-13.06,0.59,196.93,-0.3,-2.27,1.33,14819.62,3.6,7.72,187.97,-11.4,17.79,15007.59,3.38,7.83,2022.2,-3.34,-7.81,13.65,12797.42,4.79,10.66,86.35
2011,Q4,2011Q4,3689.65,3.04,-10.67,23.83,3297.13,3.03,-12.85,21.3,284.04,2.1,13.68,1.83,38.86,4.55,8.64,0.25,69.62,6.76,12.89,0.45,3788.85,-0.43,4.93,24.47,1992.61,-17.1,-2.16,12.87,1976.19,-17.28,-2.28,12.76,1.03,22.62,110.2,0.01,0.37,12.12,-40.32,0.0,15.03,11.75,12.67,0.1,1130.43,21.49,3.49,7.3,67.59,4.71,-0.09,0.44,64.2,14.34,3.22,0.41,648.17,9.65,3.75,4.19,173.93,68.11,8.07,1.12,33.82,6.52,-0.73,0.22,7.62,23.9,2.14,0.05,11.4,79.81,9.72,0.07,25.51,64.05,-4.49,0.16,20.02,133.33,2.46,0.13,1.29,101.56,7.5,0.01,29.17,157.0,11.98,0.19,6.73,24.17,0.0,0.04,41.01,39.54,-8.01,0.26,68.83,36.87,14.26,0.44,9.08,0.11,-23.44,0.06,587.9,42.75,43.46,3.8,8004.47,8.11,13.09,51.7,2520.87,7.9,5.28,16.28,80.18,25.28,13.57,0.52,207.93,6.23,7.97,1.34,178.23,2.62,7.73,1.15,0.05,25.0,66.67,0.0,0.98,0.0,-20.33,0.01,14.99,67.11,5.71,0.1,8.95,22.6,14.3,0.06,4.74,-0.84,22.48,0.03,1723.32,8.84,21.6,11.13,1425.64,8.67,22.56,9.21,3.93,48.3,11.33,0.03,119.85,-0.79,-1.67,0.77,173.9,17.49,35.23,1.12,19.18,105.35,1.8,0.12,353.55,-27.2,7.1,2.28,283.2,-32.11,6.02,1.83,70.35,2.69,11.7,0.45,1215.97,0.93,16.58,7.85,568.42,28.67,9.88,3.67,3.46,8.12,-1.7,0.02,614.33,11.71,14.36,3.97,353.83,72.68,31.17,2.29,89.57,6.49,3.29,0.58,253.86,5.52,28.91,1.64,15482.97,4.69,4.48,150.68,-34.79,-19.84,15633.66,4.08,4.17,1976.19,-17.28,-2.28,12.76,13506.78,8.92,5.54,87.24
2012,Q1,2012Q1,2805.8,5.73,-23.95,20.16,2463.38,6.53,-25.29,17.7,235.76,-2.01,-17.0,1.69,31.43,4.21,-19.12,0.23,75.23,6.32,8.06,0.54,3956.63,2.02,4.43,28.43,2225.13,-8.17,11.67,15.99,2207.3,-8.28,11.69,15.86,1.44,10.77,39.81,0.01,0.92,2.22,148.65,0.01,15.47,8.49,2.93,0.11,1179.1,23.04,4.31,8.47,55.64,-18.1,-17.68,0.4,65.49,22.85,2.01,0.47,630.28,7.94,-2.76,4.53,207.27,106.44,19.17,1.49,39.86,30.69,17.86,0.29,8.03,22.97,5.38,0.06,10.03,44.52,-12.02,0.07,29.48,28.9,15.56,0.21,26.02,45.53,29.97,0.19,1.11,11.0,-13.95,0.01,31.09,33.09,6.58,0.22,9.47,52.01,40.71,0.07,65.32,74.47,59.28,0.47,77.74,23.89,12.94,0.56,10.6,-2.39,16.74,0.08,464.06,9.66,-21.06,3.33,7153.08,3.39,-10.64,51.4,2372.08,1.54,-5.9,17.05,76.81,19.16,-4.2,0.55,149.02,-2.83,-28.33,1.07,126.45,-4.85,-29.05,0.91,0.02,0.0,-60.0,0.0,0.61,-6.15,-37.76,0.0,12.58,5.63,-16.08,0.09,5.21,27.38,-41.79,0.04,4.15,8.92,-12.45,0.03,1483.62,4.47,-13.91,10.66,1195.02,4.74,-16.18,8.59,3.33,29.57,-15.27,0.02,125.31,7.02,4.56,0.9,159.96,0.21,-8.02,1.15,24.92,35.88,29.93,0.18,438.29,28.05,23.97,3.15,384.33,36.83,35.71,2.76,53.97,-12.07,-23.28,0.39,939.11,4.08,-22.77,6.75,501.46,8.0,-11.78,3.6,3.06,-10.79,-11.56,0.02,431.9,-27.55,-29.7,3.1,242.69,2.3,-31.41,1.74,102.5,4.51,14.44,0.74,387.61,37.31,52.69,2.79,13915.51,3.46,-10.12,190.16,11.15,26.2,14105.66,3.55,-9.77,2207.3,-8.28,11.69,15.86,11708.21,6.01,-13.32,84.14
2012,Q2,2012Q2,3160.09,6.93,12.63,22.06,2824.15,7.61,14.65,19.72,224.07,-0.38,-4.96,1.56,38.1,1.17,21.22,0.27,73.77,8.06,-1.94,0.52,3797.66,2.4,-4.02,26.51,1985.41,-9.99,-10.77,13.86,1970.22,-10.18,-10.74,13.76,1.33,25.47,-7.64,0.01,0.92,13.58,0.0,0.01,12.94,26.74,-16.35,0.09,1169.05,12.93,-0.85,8.16,56.29,-16.99,1.17,0.39,67.89,16.05,3.66,0.47,639.31,4.86,1.43,4.46,199.84,46.32,-3.58,1.4,38.73,21.49,-2.83,0.27,7.45,7.97,-7.22,0.05,15.76,54.36,57.13,0.11,27.12,13.24,-8.01,0.19,26.71,42.99,2.65,0.19,1.14,5.56,2.7,0.01,30.93,26.5,-0.51,0.22,8.83,33.79,-6.76,0.06,49.04,26.26,-24.92,0.34,75.55,28.99,-2.82,0.53,13.37,8.17,26.13,0.09,554.28,39.64,19.44,3.87,7365.3,3.83,2.97,51.42,2429.74,1.68,2.43,16.96,58.6,10.21,-23.71,0.41,177.25,-2.81,18.94,1.24,152.28,-5.09,20.43,1.06,0.05,66.67,150.0,0.0,1.13,17.71,85.25,0.01,11.13,2.96,-11.53,0.08,8.27,35.57,58.73,0.06,4.39,8.93,5.78,0.03,1609.9,5.76,8.51,11.24,1330.83,5.4,11.36,9.29,3.35,61.06,0.6,0.02,132.27,7.77,5.55,0.92,143.44,6.39,-10.33,1.0,26.31,28.59,5.58,0.18,444.55,20.55,1.43,3.1,380.63,27.58,-0.96,2.66,63.91,-9.24,18.42,0.45,1029.07,4.52,9.58,7.18,503.7,4.63,0.45,3.52,3.44,0.88,12.42,0.02,463.26,-17.23,7.26,3.23,231.09,1.86,-4.78,1.61,102.05,2.31,-0.44,0.71,286.33,42.09,-26.13,2.0,14323.05,4.11,2.93,181.4,13.67,-4.61,14504.45,4.22,2.83,1970.22,-10.18,-10.74,13.76,12352.83,6.82,5.51,86.24
2012,Q3,2012Q3,4307.97,4.29,36.32,27.54,3972.24,4.99,40.65,25.39,234.4,-6.19,4.61,1.5,36.46,1.93,-4.3,0.23,64.87,5.19,-12.06,0.41,4016.87,11.25,5.77,25.67,2238.67,9.92,12.76,14.31,2221.02,9.83,12.73,14.2,0.57,16.33,-57.14,0.0,0.65,4.84,-29.35,0.0,16.42,23.09,26.89,0.1,1245.86,14.06,6.57,7.96,55.64,-17.75,-1.15,0.36,68.38,9.94,0.72,0.44,713.26,14.17,11.57,4.56,201.73,25.34,0.95,1.29,39.82,16.88,2.81,0.25,7.42,-0.54,-0.4,0.05,15.08,45.14,-4.31,0.1,28.78,7.75,6.12,0.18,26.87,37.51,0.6,0.17,1.14,-5.0,0.0,0.01,31.11,19.42,0.58,0.2,8.61,27.93,-2.49,0.06,48.03,7.74,-2.06,0.31,62.09,3.07,-17.82,0.4,12.4,4.55,-7.26,0.08,457.86,11.73,-17.4,2.93,7320.59,3.42,-0.61,46.79,2453.21,2.46,0.97,15.68,82.63,17.04,41.01,0.53,185.06,-3.9,4.41,1.18,155.17,-6.21,1.9,0.99,0.03,0.0,-40.0,0.0,1.18,-4.07,4.42,0.01,14.65,3.31,31.63,0.09,9.86,25.93,19.23,0.06,4.17,7.75,-5.01,0.03,1442.73,1.8,-10.38,9.22,1201.54,3.29,-9.71,7.68,2.9,-17.85,-13.43,0.02,113.92,-6.54,-13.87,0.73,124.38,-3.28,-13.29,0.79,22.66,20.28,-13.87,0.14,392.16,18.8,-11.78,2.51,339.99,27.28,-10.68,2.17,52.17,-17.16,-18.37,0.33,1109.84,6.41,7.85,7.09,569.87,10.16,13.14,3.64,3.48,-1.14,1.16,0.02,436.98,-18.66,-5.67,2.79,274.6,1.8,18.83,1.76,90.3,4.13,-11.51,0.58,257.07,30.54,-10.22,1.64,15645.43,5.57,9.23,180.56,-3.94,-0.46,15826.0,5.45,9.11,2221.02,9.83,12.73,14.2,13424.41,4.9,8.67,85.8
2012,Q4,2012Q4,4055.84,9.92,-5.85,25.28,3659.77,11.0,-7.87,22.81,278.53,-1.94,18.83,1.74,40.1,3.19,9.98,0.25,77.44,11.23,19.38,0.48,3579.29,-5.53,-10.89,22.31,1795.18,-9.91,-19.81,11.19,1774.72,-10.19,-20.09,11.06,1.23,19.42,115.79,0.01,0.4,8.11,-38.46,0.0,18.84,25.35,14.74,0.12,1189.65,5.24,-4.51,7.41,55.94,-17.24,0.54,0.35,68.59,6.84,0.31,0.43,645.45,-0.42,-9.51,4.02,206.44,18.69,2.33,1.29,38.93,15.11,-2.24,0.24,7.45,-2.23,0.4,0.05,21.04,84.56,39.52,0.13,26.69,4.63,-7.26,0.17,26.83,34.02,-0.15,0.17,1.14,-11.63,0.0,0.01,31.36,7.51,0.8,0.2,8.41,24.96,-2.32,0.05,51.39,25.31,7.0,0.32,71.6,4.02,15.32,0.45,9.61,5.84,-22.5,0.06,513.26,-12.7,12.1,3.2,8410.77,5.08,14.89,52.42,2598.65,3.09,5.93,16.2,92.92,15.89,12.45,0.58,199.74,-3.94,7.93,1.24,167.95,-5.77,8.24,1.05,0.05,0.0,66.67,0.0,0.83,-15.31,-29.66,0.01,15.75,5.07,7.51,0.1,10.05,12.29,1.93,0.06,5.12,8.02,22.78,0.03,1732.26,0.52,20.07,10.8,1449.17,1.65,20.61,9.03,3.05,-22.39,5.17,0.02,120.4,0.46,5.69,0.75,159.65,-8.19,28.36,0.99,23.95,24.87,5.69,0.15,412.91,16.79,5.29,2.57,356.76,25.97,4.93,2.22,56.15,-20.18,7.63,0.35,1301.91,7.07,17.31,8.11,615.04,8.2,7.93,3.83,3.39,-2.02,-2.59,0.02,506.6,-17.54,15.93,3.16,357.52,1.04,30.2,2.23,95.44,6.55,5.69,0.59,470.46,85.32,83.01,2.93,16045.9,3.64,2.56,188.04,24.79,4.14,16233.94,3.84,2.58,1774.72,-10.19,-20.09,11.06,14271.18,5.66,6.31,88.94
2013,Q1,2013Q1,2874.85,2.46,-29.12,19.78,2507.23,1.78,-31.49,17.25,250.84,6.4,-9.94,1.73,34.44,9.58,-14.11,0.24,82.34,9.45,6.33,0.57,4028.51,1.82,12.55,27.72,1975.89,-11.2,10.07,13.59,1955.77,-11.4,10.2,13.46,1.72,19.44,39.84,0.01,1.02,10.87,155.0,0.01,17.38,12.35,-7.75,0.12,1428.43,21.15,20.07,9.83,87.22,56.76,55.92,0.6,89.83,37.17,30.97,0.62,708.14,12.35,9.71,4.87,279.29,34.75,35.29,1.92,42.1,5.62,8.14,0.29,10.99,36.86,47.52,0.08,19.28,92.22,-8.37,0.13,36.61,24.19,37.17,0.25,33.7,29.52,25.61,0.23,1.13,1.8,-0.88,0.01,34.36,10.52,9.57,0.24,11.04,16.58,31.27,0.08,74.73,14.41,45.42,0.51,77.33,-0.53,8.0,0.53,14.72,38.87,53.17,0.1,532.14,14.67,3.68,3.66,7632.07,6.7,-9.26,52.51,2520.21,6.24,-3.02,17.34,126.76,65.03,36.42,0.87,155.64,4.44,-22.08,1.07,131.82,4.25,-21.51,0.91,0.02,0.0,-60.0,0.0,0.61,0.0,-26.51,0.0,13.02,3.5,-17.33,0.09,5.73,9.98,-42.99,0.04,4.46,7.47,-12.89,0.03,1574.54,6.13,-9.1,10.83,1221.38,2.21,-15.72,8.4,3.6,8.11,18.03,0.02,154.52,23.31,28.34,1.06,195.05,21.94,22.17,1.34,28.44,14.13,18.75,0.2,475.57,8.51,15.18,3.27,418.27,8.83,17.24,2.88,57.3,6.17,2.05,0.39,1020.11,8.63,-21.65,7.02,508.25,1.35,-17.36,3.5,3.19,4.25,-5.9,0.02,416.46,-3.57,-17.79,2.87,286.85,18.2,-19.77,1.97,106.63,4.03,11.72,0.73,409.41,5.62,-12.98,2.82,14535.42,4.45,-9.41,179.91,-5.39,-4.32,14715.33,4.32,-9.35,1955.77,-11.4,10.2,13.46,12579.65,7.44,-11.85,86.54
2013,Q2,2013Q2,3241.18,2.57,12.74,21.47,2881.45,2.03,14.93,19.09,239.58,6.92,-4.49,1.59,39.18,2.83,13.76,0.26,80.96,9.75,-1.68,0.54,3831.45,0.89,-4.89,25.38,1664.98,-16.14,-15.74,11.03,1646.66,-16.42,-15.81,10.91,1.63,22.56,-5.23,0.01,1.11,20.65,8.82,0.01,15.58,20.4,-10.36,0.1,1433.79,22.65,0.38,9.5,86.33,53.37,-1.02,0.57,92.92,36.87,3.44,0.62,722.94,13.08,2.09,4.79,268.43,34.32,-3.89,1.78,42.31,9.24,0.5,0.28,10.78,44.7,-1.91,0.07,24.12,53.05,25.1,0.16,36.19,33.44,-1.15,0.24,34.54,29.31,2.49,0.23,1.17,2.63,3.54,0.01,34.39,11.19,0.09,0.23,11.08,25.48,0.36,0.07,68.58,39.85,-8.23,0.45,84.36,11.66,9.09,0.56,19.97,49.36,35.67,0.13,628.36,13.37,18.08,4.16,8024.14,8.95,5.14,53.15,2565.52,5.59,1.8,16.99,101.61,73.4,-19.84,0.67,183.61,3.59,17.97,1.22,155.2,1.92,17.74,1.03,0.05,0.0,150.0,0.0,1.16,2.65,90.16,0.01,12.18,9.43,-6.45,0.08,9.93,20.07,73.3,0.07,5.08,15.72,13.9,0.03,1758.52,9.23,11.68,11.65,1401.4,5.3,14.74,9.28,3.85,14.93,6.94,0.03,165.08,24.81,6.83,1.09,188.2,31.2,-3.51,1.25,30.39,15.51,6.86,0.2,483.74,8.82,1.72,3.2,414.15,8.81,-0.99,2.74,69.59,8.89,21.45,0.46,1192.29,15.86,16.88,7.9,519.52,3.14,2.22,3.44,3.54,2.91,10.97,0.02,464.79,0.33,11.6,3.08,256.1,10.82,-10.72,1.7,112.14,9.89,5.17,0.74,352.37,23.06,-13.93,2.33,15096.76,5.4,3.86,165.55,-8.74,-7.98,15262.31,5.23,3.72,1646.66,-16.42,-15.81,10.91,13450.1,8.88,6.92,89.09
2013,Q3,2013Q3,4456.11,3.44,37.48,27.08,4102.29,3.27,42.37,24.93,246.42,5.13,2.85,1.5,37.63,3.21,-3.96,0.23,69.77,7.55,-13.82,0.42,4012.72,-0.1,4.73,24.39,1914.65,-14.47,15.0,11.64,1894.18,-14.72,15.03,11.51,0.68,19.3,-58.28,0.0,0.75,15.38,-32.43,0.0,19.04,15.96,22.21,0.12,1481.92,18.95,3.36,9.01,85.13,53.0,-1.39,0.52,96.48,41.09,3.83,0.59,758.93,6.4,4.98,4.61,271.1,34.39,0.99,1.65,43.2,8.49,2.1,0.26,11.1,49.6,2.97,0.07,24.54,62.73,1.74,0.15,37.37,29.85,3.26,0.23,35.04,30.41,1.45,0.21,1.21,6.14,3.42,0.01,35.29,13.44,2.62,0.21,11.31,31.36,2.08,0.07,71.22,48.28,3.85,0.43,77.07,24.13,-8.64,0.47,18.11,46.05,-9.31,0.11,520.97,13.78,-17.09,3.17,7985.54,9.08,-0.48,48.53,2618.69,6.75,2.07,15.91,143.86,74.1,41.58,0.87,191.7,3.59,4.41,1.17,158.25,1.98,1.97,0.96,0.03,0.0,-40.0,0.0,1.28,8.47,10.34,0.01,15.88,8.4,30.38,0.1,11.7,18.66,17.82,0.07,4.56,9.35,-10.24,0.03,1545.84,7.15,-12.09,9.39,1245.99,3.7,-11.09,7.57,3.3,13.79,-14.29,0.02,141.65,24.34,-14.19,0.86,154.9,24.54,-17.69,0.94,26.07,15.05,-14.22,0.16,429.15,9.43,-11.28,2.61,374.26,10.08,-9.63,2.27,54.89,5.21,-21.12,0.33,1258.41,13.39,5.55,7.65,590.17,3.56,13.6,3.59,3.48,0.0,-1.69,0.02,436.43,-0.13,-6.1,2.65,334.79,21.92,30.73,2.03,102.44,13.44,-8.65,0.62,304.49,18.45,-13.59,1.85,16454.37,5.17,8.99,192.42,6.57,16.23,16646.8,5.19,9.07,1894.18,-14.72,15.03,11.51,14560.19,8.46,8.25,88.49
2013,Q4,2013Q4,4178.39,3.02,-6.23,24.39,3756.82,2.65,-8.42,21.93,294.1,5.59,19.35,1.72,43.06,7.38,14.43,0.25,84.41,9.0,20.98,0.49,3809.78,6.44,-5.06,22.24,1632.63,-9.05,-14.73,9.53,1608.67,-9.36,-15.07,9.39,1.47,19.51,116.18,0.01,0.45,12.5,-40.0,0.0,22.04,16.99,15.76,0.13,1482.23,24.59,0.02,8.65,86.03,53.79,1.06,0.5,97.2,41.71,0.75,0.57,748.58,15.98,-1.36,4.37,277.57,34.46,2.39,1.62,43.7,12.25,1.16,0.26,11.15,49.66,0.45,0.07,24.69,17.35,0.61,0.14,38.04,42.53,1.79,0.22,35.24,31.35,0.57,0.21,1.24,8.77,2.48,0.01,37.07,18.21,5.04,0.22,10.98,30.56,-2.92,0.06,70.72,37.61,-0.7,0.41,90.0,25.7,16.78,0.53,14.01,45.79,-22.64,0.08,590.91,15.13,13.42,3.45,9143.99,8.72,14.51,53.37,2803.48,7.88,7.06,16.36,168.4,81.23,17.06,0.98,207.12,3.69,8.04,1.21,170.86,1.73,7.97,1.0,0.06,20.0,100.0,0.0,0.87,4.82,-32.03,0.01,18.06,14.67,13.73,0.11,11.78,17.21,0.68,0.07,5.5,7.42,20.61,0.03,1904.17,9.92,23.18,11.11,1551.89,7.09,24.55,9.06,3.49,14.43,5.76,0.02,149.63,24.28,5.63,0.87,199.17,24.75,28.58,1.16,27.54,14.99,5.64,0.16,445.18,7.82,3.74,2.6,385.45,8.04,2.99,2.25,59.73,6.38,8.82,0.35,1433.83,10.13,13.94,8.37,647.17,5.22,9.66,3.78,3.51,3.54,0.86,0.02,511.16,0.9,17.12,2.98,400.67,12.07,19.68,2.34,106.5,11.59,3.96,0.62,485.25,3.14,59.36,2.83,17132.16,6.77,4.12,186.24,-0.96,-3.21,17318.41,6.68,4.03,1608.67,-9.36,-15.07,9.39,15523.49,8.78,6.62,90.61
2014,Q1,2014Q1,3033.97,5.53,-27.39,19.65,2643.11,5.42,-29.65,17.12,264.91,5.61,-9.93,1.72,36.69,6.53,-14.79,0.24,89.25,8.39,5.73,0.58,4223.47,4.84,10.86,27.36,1849.63,-6.39,13.29,11.98,1826.67,-6.6,13.55,11.83,2.0,16.28,36.05,0.01,1.13,10.78,151.11,0.01,19.84,14.15,-9.98,0.13,1648.57,15.41,11.22,10.68,73.94,-15.23,-14.05,0.48,117.34,30.62,20.72,0.76,748.29,5.67,-0.04,4.85,375.61,34.49,35.32,2.43,46.84,11.26,7.19,0.3,11.88,8.1,6.55,0.08,27.31,41.65,10.61,0.18,49.68,35.7,30.6,0.32,43.93,30.36,24.66,0.28,1.2,6.19,-3.23,0.01,38.78,12.86,4.61,0.25,14.41,30.53,31.24,0.09,99.36,32.96,40.5,0.64,80.22,3.74,-10.87,0.52,17.75,20.58,26.7,0.11,627.29,17.88,6.16,4.06,8181.24,7.2,-10.53,52.99,2678.51,6.28,-4.46,17.35,156.26,23.27,-7.21,1.01,160.21,2.94,-22.65,1.04,135.02,2.43,-20.98,0.87,0.02,0.0,-66.67,0.0,0.67,9.84,-22.99,0.0,13.57,4.22,-24.86,0.09,6.06,5.76,-48.56,0.04,4.87,9.19,-11.45,0.03,1681.21,6.77,-11.71,10.89,1276.13,4.48,-17.77,8.27,3.99,10.83,14.33,0.03,184.08,19.13,23.02,1.19,217.0,11.25,8.95,1.41,32.85,15.51,19.28,0.21,517.77,8.87,16.31,3.35,457.46,9.37,18.68,2.96,60.31,5.25,0.97,0.39,1052.42,3.17,-26.6,6.82,538.01,5.86,-16.87,3.48,3.14,-1.57,-10.54,0.02,445.39,6.95,-12.87,2.88,307.2,7.09,-23.33,1.99,109.0,2.22,2.35,0.71,499.26,21.95,2.89,3.23,15438.68,6.21,-9.88,162.37,-9.75,-12.82,15601.05,6.02,-9.92,1826.67,-6.6,13.55,11.83,13612.01,8.21,-12.31,88.17
2014,Q2,2014Q2,3360.45,3.68,10.76,20.89,2983.93,3.56,12.89,18.55,250.46,4.54,-5.45,1.56,41.16,5.05,12.18,0.26,84.91,4.88,-4.86,0.53,4175.0,8.97,-1.15,25.96,1753.53,5.32,-5.2,10.9,1731.38,5.14,-5.22,10.76,1.95,19.63,-2.5,0.01,1.32,18.92,16.81,0.01,18.88,21.18,-4.84,0.12,1634.73,14.01,-0.84,10.16,80.5,-6.75,8.87,0.5,119.05,28.12,1.46,0.74,760.29,5.17,1.6,4.73,346.81,29.2,-7.67,2.16,48.03,13.52,2.54,0.3,12.31,14.19,3.62,0.08,33.41,38.52,22.34,0.21,48.75,34.71,-1.87,0.3,44.46,28.72,1.21,0.28,1.22,4.27,1.67,0.01,39.52,14.92,1.91,0.25,13.69,23.56,-5.0,0.09,86.68,26.39,-12.76,0.54,67.01,-20.57,-16.47,0.42,24.17,21.03,36.17,0.15,695.57,10.7,10.88,4.32,8549.17,6.54,4.5,53.15,2697.76,5.15,0.72,16.77,125.86,23.87,-19.45,0.78,190.84,3.94,19.12,1.19,160.47,3.4,18.85,1.0,0.06,20.0,200.0,0.0,1.24,6.9,85.07,0.01,12.58,3.28,-7.3,0.08,10.97,10.47,81.02,0.07,5.53,8.86,13.55,0.03,1898.29,7.95,12.91,11.8,1487.62,6.15,16.57,9.25,4.31,11.95,8.02,0.03,198.64,20.33,7.91,1.23,207.72,10.37,-4.28,1.29,34.48,13.46,4.96,0.21,517.58,7.0,-0.04,3.22,442.6,6.87,-3.25,2.75,74.98,7.75,24.32,0.47,1251.3,4.95,18.9,7.78,553.52,6.54,2.88,3.44,3.54,0.0,12.74,0.02,470.24,1.17,5.58,2.92,274.9,7.34,-10.51,1.71,119.84,6.87,9.94,0.75,411.03,16.65,-17.67,2.56,16084.62,6.54,4.18,164.74,-0.49,1.46,16249.37,6.47,4.16,1731.38,5.14,-5.22,10.76,14353.24,6.71,5.45,89.24
2014,Q3,2014Q3,4655.32,4.47,38.53,26.63,4281.85,4.38,43.5,24.5,260.49,5.71,4.0,1.49,38.52,2.37,-6.41,0.22,74.46,6.72,-12.31,0.43,4230.77,5.43,1.34,24.2,1848.97,-3.43,5.44,10.58,1826.08,-3.6,5.47,10.45,0.82,20.59,-57.95,0.0,0.89,18.67,-32.58,0.01,21.17,11.19,12.13,0.12,1718.99,16.0,5.15,9.83,92.55,8.72,14.97,0.53,123.58,28.09,3.81,0.71,808.19,6.49,6.3,4.62,353.01,30.21,1.79,2.02,48.67,12.66,1.33,0.28,12.91,16.31,4.87,0.07,34.24,39.53,2.48,0.2,51.25,37.14,5.13,0.29,45.93,31.08,3.31,0.26,1.32,9.09,8.2,0.01,41.04,16.29,3.85,0.23,14.02,23.96,2.41,0.08,92.28,29.57,6.46,0.53,60.45,-21.56,-9.79,0.35,22.46,24.02,-7.07,0.13,579.91,11.31,-16.63,3.32,8593.04,7.61,0.51,49.16,2796.9,6.81,3.67,16.0,169.95,18.14,35.03,0.97,199.76,4.2,4.67,1.14,164.18,3.75,2.31,0.94,0.03,0.0,-50.0,0.0,1.38,7.81,11.29,0.01,16.14,1.64,28.3,0.09,13.13,12.22,19.69,0.08,4.89,7.24,-11.57,0.03,1674.17,8.3,-11.81,9.58,1323.81,6.25,-11.01,7.57,3.65,10.61,-15.31,0.02,171.47,21.05,-13.68,0.98,175.24,13.13,-15.64,1.0,30.02,15.15,-12.94,0.17,465.89,8.56,-9.99,2.67,406.65,8.65,-8.12,2.33,59.23,7.91,-21.01,0.34,1332.69,5.9,6.5,7.62,631.1,6.94,14.02,3.61,3.66,5.17,3.39,0.02,441.97,1.27,-6.01,2.53,364.18,8.78,32.48,2.08,119.12,16.28,-0.6,0.68,363.62,19.42,-11.53,2.08,17479.13,6.23,8.67,228.41,18.7,38.65,17707.53,6.37,8.97,1826.08,-3.6,5.47,10.45,15653.05,7.51,9.06,89.55
2014,Q4,2014Q4,4330.65,3.64,-6.97,23.86,3884.56,3.4,-9.28,21.4,310.98,5.74,19.38,1.71,44.97,4.44,16.74,0.25,90.13,6.78,21.04,0.5,4112.92,7.96,-2.79,22.66,1654.9,1.36,-10.5,9.12,1627.68,1.18,-10.86,8.97,1.81,23.13,120.73,0.01,0.54,20.0,-39.33,0.0,24.86,12.79,17.43,0.14,1681.93,13.47,-2.16,9.27,64.39,-25.15,-30.43,0.35,128.31,32.01,3.83,0.71,787.23,5.16,-2.59,4.34,362.91,30.75,2.8,2.0,49.53,13.34,1.77,0.27,13.14,17.85,1.78,0.07,32.82,32.93,-4.15,0.18,49.29,29.57,-3.82,0.27,46.05,30.68,0.26,0.25,1.32,6.45,0.0,0.01,43.77,18.07,6.65,0.24,13.64,24.23,-2.71,0.08,89.52,26.58,-2.99,0.49,92.53,2.81,53.07,0.51,17.86,27.48,-20.48,0.1,665.7,12.66,14.79,3.67,9706.8,6.15,12.96,53.48,2952.62,5.32,5.57,16.27,187.64,11.43,10.41,1.03,219.88,6.16,10.07,1.21,179.63,5.13,9.41,0.99,0.06,0.0,100.0,0.0,0.97,11.49,-29.71,0.01,18.57,2.82,15.06,0.1,14.54,23.43,10.74,0.08,6.1,10.91,24.74,0.03,2003.39,5.21,19.66,11.04,1590.31,2.48,20.13,8.76,4.1,17.48,12.33,0.02,181.57,21.35,5.89,1.0,227.41,14.18,29.77,1.25,31.84,15.61,6.06,0.18,481.43,8.14,3.34,2.65,417.07,8.2,2.56,2.3,64.37,7.77,8.68,0.35,1519.31,5.96,14.0,8.37,667.81,3.19,5.82,3.68,3.63,3.42,-0.82,0.02,517.34,1.21,17.05,2.85,445.68,11.23,22.38,2.46,124.67,17.06,4.66,0.69,551.54,13.66,51.68,3.04,18150.36,5.94,3.84,269.15,44.52,17.84,18419.51,6.36,4.02,1627.68,1.18,-10.86,8.97,16522.68,6.44,5.56,91.03
2015,Q1,2015Q1,3176.6,4.7,-26.65,19.79,2760.88,4.46,-28.93,17.2,281.97,6.44,-9.33,1.76,38.28,4.33,-14.88,0.24,95.47,6.97,5.92,0.59,4116.74,-2.53,0.09,25.65,1703.41,-7.91,2.93,10.61,1677.85,-8.15,3.08,10.45,2.29,14.5,26.52,0.01,1.22,7.96,125.93,0.01,22.04,11.09,-11.34,0.14,1637.07,-0.7,-2.67,10.2,34.12,-53.85,-47.01,0.21,144.57,23.21,12.67,0.9,742.15,-0.82,-5.73,4.62,355.96,-5.23,-1.92,2.22,50.63,8.09,2.22,0.32,12.69,6.82,-3.42,0.08,34.29,25.56,4.48,0.21,58.55,17.85,18.79,0.36,53.92,22.74,17.09,0.34,1.23,2.5,-6.82,0.01,40.51,4.46,-7.45,0.25,14.73,2.22,7.99,0.09,93.73,-5.67,4.7,0.58,57.82,-27.92,-37.51,0.36,21.07,18.7,17.97,0.13,697.37,11.17,4.76,4.34,8757.27,7.04,-9.78,54.56,2851.77,6.47,-3.42,17.77,197.92,26.66,5.48,1.23,166.4,3.86,-24.32,1.04,139.38,3.23,-22.41,0.87,0.02,0.0,-66.67,0.0,0.73,8.96,-24.74,0.0,14.42,6.26,-22.35,0.09,6.52,7.59,-55.16,0.04,5.33,9.45,-12.62,0.03,1840.8,9.49,-8.12,11.47,1344.49,5.36,-15.46,8.38,4.51,13.03,10.0,0.03,219.23,19.09,20.74,1.37,272.57,25.61,19.86,1.7,38.82,18.17,21.92,0.24,564.4,9.01,17.23,3.52,501.0,9.52,20.12,3.12,63.39,5.11,-1.52,0.39,1084.79,3.08,-28.6,6.76,575.22,6.92,-13.86,3.58,3.31,5.41,-8.82,0.02,389.6,-12.53,-24.69,2.43,328.51,6.94,-26.29,2.05,111.3,2.11,-10.72,0.69,604.42,21.06,9.59,3.77,16050.6,3.96,-11.57,153.2,-5.65,-43.08,16203.8,3.86,-12.03,1677.85,-8.15,3.08,10.45,14372.75,5.59,-13.01,89.55
2015,Q2,2015Q2,3477.85,3.49,9.48,21.12,3079.45,3.2,11.54,18.7,265.99,6.2,-5.67,1.62,42.81,4.01,11.83,0.26,89.61,5.54,-6.14,0.54,4036.7,-3.31,-1.94,24.52,1637.48,-6.62,-3.87,9.95,1613.75,-6.79,-3.82,9.8,2.14,9.74,-6.55,0.01,1.41,6.82,15.57,0.01,20.18,6.89,-8.44,0.12,1572.34,-3.82,-3.95,9.55,28.55,-64.53,-16.32,0.17,146.13,22.75,1.08,0.89,715.46,-5.9,-3.6,4.35,335.8,-3.17,-5.66,2.04,50.72,5.6,0.18,0.31,13.14,6.74,3.55,0.08,38.83,16.22,13.24,0.24,55.12,13.07,-5.86,0.33,52.01,16.98,-3.54,0.32,1.22,0.0,-0.81,0.01,40.58,2.68,0.17,0.25,13.63,-0.44,-7.47,0.08,81.13,-6.4,-13.44,0.49,59.23,-11.61,2.44,0.36,27.45,13.57,30.28,0.17,740.2,6.42,6.14,4.5,8948.8,4.67,2.19,54.36,2834.61,5.07,-0.6,17.22,114.57,-8.97,-42.11,0.7,200.08,4.84,20.24,1.22,168.4,4.94,20.82,1.02,0.06,0.0,200.0,0.0,1.34,8.06,83.56,0.01,12.98,3.18,-9.99,0.08,11.51,4.92,76.53,0.07,5.78,4.52,8.44,0.04,2017.15,6.26,9.58,12.25,1556.93,4.66,15.8,9.46,4.73,9.74,4.88,0.03,195.48,-1.59,-10.83,1.19,260.01,25.17,-4.61,1.58,36.65,6.29,-5.59,0.22,550.73,6.4,-2.42,3.35,471.97,6.64,-5.79,2.87,78.76,5.04,24.25,0.48,1288.49,2.97,18.78,7.83,586.85,6.02,2.02,3.56,3.65,3.11,10.27,0.02,420.19,-10.64,7.85,2.55,294.87,7.26,-10.24,1.79,122.7,2.39,10.24,0.75,478.25,16.35,-20.87,2.9,16463.34,2.35,2.57,159.71,-3.05,4.25,16623.05,2.3,2.59,1613.75,-6.79,-3.82,9.8,14849.59,3.46,3.32,90.2
2015,Q3,2015Q3,4816.52,3.46,38.49,26.79,4423.69,3.31,43.65,24.61,274.83,5.51,3.32,1.53,39.38,2.23,-8.01,0.22,78.62,5.59,-12.26,0.44,4225.39,-0.13,4.67,23.51,1869.88,1.13,14.19,10.4,1845.39,1.06,14.35,10.27,0.9,9.76,-57.94,0.01,0.95,6.74,-32.62,0.01,22.64,6.94,12.19,0.13,1688.87,-1.75,7.41,9.4,81.93,-11.47,186.97,0.46,149.8,21.22,2.51,0.83,736.52,-8.87,2.94,4.1,358.24,1.48,6.68,1.99,51.44,5.69,1.42,0.29,13.79,6.82,4.95,0.08,39.42,15.13,1.52,0.22,58.03,13.23,5.28,0.32,53.4,16.26,2.67,0.3,1.32,0.0,8.2,0.01,42.21,2.85,4.02,0.23,12.45,-11.2,-8.66,0.07,90.31,-2.13,11.32,0.5,61.74,2.13,4.24,0.34,25.6,13.98,-6.74,0.14,579.3,-0.11,-21.74,3.22,8934.32,3.97,-0.16,49.7,2920.1,4.4,3.02,16.24,160.75,-5.41,40.31,0.89,209.45,4.85,4.68,1.17,172.37,4.99,2.36,0.96,0.04,33.33,-33.33,0.0,1.49,7.97,11.19,0.01,16.65,3.16,28.27,0.09,13.79,5.03,19.81,0.08,5.12,4.7,-11.42,0.03,1762.35,5.27,-12.63,9.8,1385.85,4.69,-10.99,7.71,4.01,9.86,-15.22,0.02,171.0,-0.27,-12.52,0.95,201.49,14.98,-22.51,1.12,31.94,6.4,-12.85,0.18,496.47,6.56,-9.85,2.76,434.19,6.77,-8.0,2.42,62.29,5.17,-20.91,0.35,1360.1,2.06,5.56,7.57,665.08,5.38,13.33,3.7,3.77,3.01,3.29,0.02,385.49,-12.78,-8.26,2.14,393.44,8.03,33.43,2.19,122.1,2.5,-0.49,0.68,423.28,16.41,-11.49,2.35,17976.23,2.84,9.19,232.24,1.68,45.41,18208.48,2.83,9.54,1845.39,1.06,14.35,10.27,16130.84,3.05,8.63,89.73
2015,Q4,2015Q4,4481.26,3.48,-6.96,24.18,4010.93,3.25,-9.33,21.64,328.53,5.64,19.54,1.77,46.79,4.05,18.82,0.25,95.01,5.41,20.85,0.51,3987.83,-3.04,-5.62,21.52,1521.74,-8.05,-18.62,8.21,1492.97,-8.28,-19.1,8.06,1.95,7.73,116.67,0.01,0.58,7.41,-38.95,0.0,26.24,5.55,15.9,0.14,1688.34,0.38,-0.03,9.11,56.29,-12.58,-31.3,0.3,155.67,21.32,3.92,0.84,742.93,-5.63,0.87,4.01,373.01,2.78,4.12,2.01,52.42,5.83,1.91,0.28,14.05,6.93,1.89,0.08,38.45,17.15,-2.46,0.21,55.53,12.66,-4.31,0.3,53.29,15.72,-0.21,0.29,1.36,3.03,3.03,0.01,44.89,2.56,6.35,0.24,11.87,-12.98,-4.66,0.06,88.57,-1.06,-1.93,0.48,93.64,1.2,51.67,0.51,20.76,16.24,-18.91,0.11,663.35,-0.35,14.51,3.58,10064.67,3.69,12.65,54.3,3091.1,4.69,5.86,16.68,180.98,-3.55,12.58,0.98,229.52,4.38,9.58,1.24,187.67,4.48,8.88,1.01,0.06,0.0,50.0,0.0,1.05,8.25,-29.53,0.01,19.07,2.69,14.53,0.1,15.28,5.09,10.8,0.08,6.38,4.59,24.61,0.03,2087.81,4.21,18.47,11.26,1645.82,3.49,18.76,8.88,4.45,8.54,10.97,0.02,179.93,-0.9,5.22,0.97,257.61,13.28,27.85,1.39,33.92,6.53,6.2,0.18,512.29,6.41,3.19,2.76,444.67,6.62,2.41,2.4,67.63,5.06,8.57,0.36,1531.31,0.79,12.59,8.26,688.92,3.16,3.58,3.72,3.75,3.31,-0.53,0.02,449.5,-13.11,16.6,2.43,481.89,8.12,22.48,2.6,128.23,2.86,5.02,0.69,645.43,17.02,52.48,3.48,18533.75,2.11,3.1,211.61,-21.38,-8.88,18745.36,1.77,2.95,1492.97,-8.28,-19.1,8.06,17040.78,3.14,5.64,91.94
2016,Q1,2016Q1,3274.73,3.09,-26.92,20.54,2844.12,3.01,-29.09,17.84,292.86,3.86,-10.86,1.84,39.16,2.3,-16.31,0.25,98.58,3.26,3.76,0.62,3841.54,-6.68,-3.67,24.09,1603.9,-5.84,5.4,10.06,1597.16,-4.81,6.98,10.02,2.36,3.06,21.03,0.01,1.92,57.38,231.03,0.01,2.45,-88.88,-90.66,0.02,1522.49,-7.0,-9.82,9.55,26.41,-22.6,-53.08,0.17,138.28,-4.35,-11.17,0.87,659.62,-11.12,-11.21,4.14,345.42,-2.96,-7.4,2.17,50.45,-0.36,-3.76,0.32,12.49,-1.58,-11.1,0.08,36.31,5.89,-5.57,0.23,61.78,5.52,11.26,0.39,56.51,4.8,6.04,0.35,0.97,-21.14,-28.68,0.01,40.08,-1.06,-10.72,0.25,11.9,-19.21,0.25,0.07,82.27,-12.23,-7.11,0.52,32.11,-44.47,-65.71,0.2,23.09,9.59,11.22,0.14,659.95,-5.37,-0.51,4.14,8827.45,0.8,-12.29,55.37,2909.26,2.02,-5.88,18.25,183.25,-7.41,1.25,1.15,190.91,14.73,-16.82,1.2,162.96,16.92,-13.17,1.02,0.02,0.0,-66.67,0.0,0.76,4.11,-27.62,0.0,14.73,2.15,-22.76,0.09,6.67,2.3,-56.35,0.04,5.78,8.44,-9.4,0.04,1915.71,4.07,-8.24,12.02,1411.74,5.0,-14.22,8.85,4.71,4.43,5.84,0.03,208.0,-5.12,15.6,1.3,291.26,6.86,13.06,1.83,42.08,8.4,24.06,0.26,500.72,-11.28,-2.26,3.14,435.07,-13.16,-2.16,2.73,65.65,3.57,-2.93,0.41,1033.87,-4.69,-32.48,6.48,569.88,-0.93,-17.28,3.57,3.29,-0.6,-12.27,0.02,372.47,-4.4,-17.14,2.34,341.07,3.82,-29.22,2.14,111.91,0.55,-12.73,0.7,653.02,8.04,1.18,4.1,15943.71,-0.67,-13.97,143.52,-6.32,-32.18,16087.23,-0.72,-14.18,1597.16,-4.81,6.98,10.02,14346.55,-0.18,-15.81,89.98
2016,Q2,2016Q2,3635.53,4.53,11.02,22.42,3224.83,4.72,13.39,19.88,282.79,6.32,-3.44,1.74,44.45,3.83,13.51,0.27,83.47,-6.85,-15.33,0.51,3746.44,-7.19,-2.48,23.1,1450.44,-11.42,-9.57,8.94,1426.08,-11.63,-10.71,8.79,2.19,2.34,-7.2,0.01,1.47,4.26,-23.44,0.01,20.69,2.53,744.49,0.13,1519.45,-3.36,-0.2,9.37,42.59,49.18,61.26,0.26,138.12,-5.48,-0.12,0.85,675.88,-5.53,2.47,4.17,330.07,-1.71,-4.44,2.04,47.71,-5.93,-5.43,0.29,12.33,-6.16,-1.28,0.08,39.74,2.34,9.45,0.25,56.73,2.92,-8.17,0.35,53.63,3.11,-5.1,0.33,1.19,-2.46,22.68,0.01,41.34,1.87,3.14,0.25,9.63,-29.35,-19.08,0.06,70.48,-13.13,-14.33,0.43,53.03,-10.47,65.15,0.33,29.78,8.49,28.97,0.18,693.74,-6.28,5.12,4.28,8836.57,-1.25,0.1,54.48,2833.63,-0.03,-2.6,17.47,107.24,-6.4,-41.48,0.66,189.4,-5.34,-0.79,1.17,162.14,-3.72,-0.5,1.0,0.06,0.0,200.0,0.0,1.35,0.75,77.63,0.01,12.65,-2.54,-14.12,0.08,11.34,-1.48,70.01,0.07,1.86,-67.82,-67.82,0.01,2044.48,1.35,6.72,12.61,1580.14,1.49,11.93,9.74,4.84,2.33,2.76,0.03,183.74,-6.01,-11.66,1.13,275.75,6.05,-5.33,1.7,37.31,1.8,-11.34,0.23,491.16,-10.82,-1.91,3.03,409.47,-13.24,-5.88,2.52,81.69,3.72,24.43,0.5,1220.53,-5.27,18.05,7.53,593.11,1.07,4.08,3.66,3.5,-4.11,6.38,0.02,394.45,-6.13,5.9,2.43,303.37,2.88,-11.05,1.87,119.46,-2.64,6.75,0.74,498.94,4.33,-23.59,3.08,16218.54,-1.49,1.72,130.75,-18.13,-8.9,16349.29,-1.65,1.63,1426.08,-11.63,-10.71,8.79,14792.46,-0.38,3.11,91.21
2016,Q3,2016Q3,5035.07,4.54,38.5,28.68,4639.61,4.88,43.87,26.43,276.91,0.76,-2.08,1.58,40.2,2.08,-9.56,0.23,78.35,-0.34,-6.13,0.45,3690.49,-12.66,-1.49,21.02,1446.35,-22.65,-0.28,8.24,1420.27,-23.04,-0.41,8.09,0.83,-7.78,-62.1,0.0,1.01,6.32,-31.29,0.01,24.25,7.11,17.21,0.14,1614.89,-4.38,6.28,9.2,81.23,-0.85,90.73,0.46,140.42,-6.26,1.67,0.8,694.14,-5.75,2.7,3.95,354.98,-0.91,7.55,2.02,48.2,-6.3,1.03,0.27,13.19,-4.35,6.97,0.08,38.82,-1.52,-2.32,0.22,59.78,3.02,5.38,0.34,55.1,3.18,2.74,0.31,1.27,-3.79,6.72,0.01,42.62,0.97,3.1,0.24,8.31,-33.25,-13.71,0.05,76.84,-14.92,9.02,0.44,57.62,-6.67,8.66,0.33,27.82,8.67,-6.58,0.16,543.81,-6.13,-21.61,3.1,8829.88,-1.17,-0.08,50.3,2879.66,-1.38,1.62,16.4,152.91,-4.88,42.59,0.87,210.97,0.73,11.39,1.2,174.54,1.26,7.65,0.99,0.04,0.0,-33.33,0.0,1.51,1.34,11.85,0.01,16.13,-3.12,27.51,0.09,13.7,-0.65,20.81,0.08,5.06,-1.17,172.04,0.03,1781.89,1.11,-12.84,10.15,1398.96,0.95,-11.47,7.97,4.11,2.49,-15.08,0.02,164.69,-3.69,-10.37,0.94,214.12,6.27,-22.35,1.22,32.58,2.0,-12.68,0.19,509.6,2.64,3.75,2.9,446.55,2.85,9.06,2.54,63.05,1.22,-22.82,0.36,1259.87,-7.37,3.22,7.18,674.36,1.4,13.7,3.84,3.77,0.0,7.71,0.02,371.73,-3.57,-5.76,2.12,393.01,-0.11,29.55,2.24,119.28,-2.31,-0.15,0.68,440.26,4.01,-11.76,2.51,17555.44,-2.34,8.24,220.53,-5.04,68.67,17775.97,-2.38,8.73,1420.27,-23.04,-0.41,8.09,16135.17,0.03,9.08,91.91
2016,Q4,2016Q4,4662.01,4.03,-7.41,25.6,4185.89,4.36,-9.78,22.98,332.56,1.23,20.1,1.83,47.83,2.22,18.98,0.26,95.73,0.76,22.18,0.53,3639.68,-8.73,-1.38,19.98,1259.13,-17.26,-12.94,6.91,1228.69,-17.7,-13.49,6.75,1.96,0.51,136.14,0.01,0.62,6.9,-38.61,0.0,27.85,6.14,14.85,0.15,1645.4,-2.54,1.89,9.03,55.74,-0.98,-31.38,0.31,147.39,-5.32,4.96,0.81,723.26,-2.65,4.2,3.97,377.04,1.08,6.21,2.07,50.57,-3.53,4.92,0.28,13.41,-4.56,1.67,0.07,37.92,-1.38,-2.32,0.21,56.2,1.21,-5.99,0.31,55.03,3.27,-0.13,0.3,1.29,-5.15,1.57,0.01,45.35,1.02,6.41,0.25,7.56,-36.31,-9.03,0.04,74.64,-15.73,-2.86,0.41,88.81,-5.16,54.13,0.49,22.99,10.74,-17.36,0.13,623.35,-6.03,14.63,3.42,9911.85,-1.52,12.25,54.42,3046.5,-1.44,5.79,16.73,176.02,-2.74,15.11,0.97,217.31,-5.32,3.01,1.19,179.67,-4.26,2.94,0.99,0.06,0.0,50.0,0.0,1.06,0.95,-29.8,0.01,16.54,-13.27,2.54,0.09,14.88,-2.62,8.61,0.08,5.09,-20.22,0.59,0.03,2116.63,1.38,18.79,11.62,1662.82,1.03,18.86,9.13,4.47,0.45,8.76,0.02,177.99,-1.08,8.08,0.98,271.35,5.33,26.73,1.49,34.61,2.03,6.23,0.19,526.03,2.68,3.22,2.89,457.67,2.92,2.49,2.51,68.37,1.09,8.44,0.38,1389.34,-9.27,10.28,7.63,698.94,1.45,3.64,3.84,3.82,1.87,1.33,0.02,430.86,-4.15,15.91,2.37,481.48,-0.09,22.51,2.64,125.04,-2.49,4.83,0.69,665.26,3.07,51.11,3.65,18213.54,-1.73,3.75,226.4,6.99,2.66,18439.94,-1.63,3.74,1228.69,-17.7,-13.49,6.75,16984.85,-0.33,5.27,93.25
2017,Q1,2017Q1,3385.6,3.39,-27.38,21.43,2943.53,3.5,-29.68,18.63,297.9,1.72,-10.42,1.89,40.18,2.6,-15.99,0.25,103.99,5.49,8.63,0.66,3617.46,-5.83,-0.61,22.9,1356.85,-15.4,7.76,8.59,1347.99,-15.6,9.71,8.53,2.41,2.12,22.96,0.02,2.7,40.63,335.48,0.02,3.74,52.65,-86.57,0.02,1543.19,1.36,-6.21,9.77,27.21,3.03,-51.18,0.17,140.82,1.84,-4.46,0.89,686.44,4.07,-5.09,4.35,349.45,1.17,-7.32,2.21,51.7,2.48,2.23,0.33,12.65,1.28,-5.67,0.08,35.98,-0.91,-5.12,0.23,61.33,-0.73,9.13,0.39,55.5,-1.79,0.85,0.35,0.84,-13.4,-34.88,0.01,39.77,-0.77,-12.3,0.25,7.5,-36.97,-0.79,0.05,74.01,-10.04,-0.84,0.47,30.5,-5.01,-65.66,0.19,26.01,12.65,13.14,0.16,660.92,0.15,6.03,4.18,8794.91,-0.37,-11.27,55.67,2819.56,-3.08,-7.45,17.85,176.0,-3.96,-0.01,1.11,211.05,10.55,-2.88,1.34,183.09,12.35,1.9,1.16,0.02,0.0,-66.67,0.0,0.77,1.32,-27.36,0.0,14.96,1.56,-9.55,0.09,6.4,-4.05,-56.99,0.04,5.81,0.52,14.15,0.04,1968.09,2.73,-7.02,12.46,1452.57,2.89,-12.64,9.19,4.76,1.06,6.49,0.03,214.14,2.95,20.31,1.36,296.62,1.84,9.31,1.88,46.99,11.67,35.77,0.3,504.07,0.67,-4.17,3.19,437.68,0.6,-4.37,2.77,66.39,1.13,-2.9,0.42,1001.77,-3.1,-27.9,6.34,578.3,1.48,-17.26,3.66,3.33,1.22,-12.83,0.02,364.77,-2.07,-15.34,2.31,344.01,0.86,-28.55,2.18,113.1,1.06,-9.55,0.72,663.88,1.66,-0.21,4.2,15797.97,-0.91,-13.26,121.69,-15.21,-46.25,15919.66,-1.04,-13.67,1347.99,-15.6,9.71,8.53,14449.98,0.72,-14.92,91.47
2017,Q2,2017Q2,3745.09,3.01,10.62,22.93,3328.49,3.21,13.08,20.38,289.23,2.28,-2.91,1.77,46.18,3.89,14.93,0.28,81.2,-2.72,-21.92,0.5,3827.76,2.17,5.81,23.43,1501.3,3.51,10.65,9.19,1476.4,3.53,9.53,9.04,2.3,5.02,-4.56,0.01,1.45,-1.36,-46.3,0.01,21.15,2.22,465.51,0.13,1529.17,0.64,-0.91,9.36,47.39,11.27,74.16,0.29,132.38,-4.16,-5.99,0.81,693.95,2.67,1.09,4.25,330.72,0.2,-5.36,2.02,46.71,-2.1,-9.65,0.29,12.11,-1.78,-4.27,0.07,39.35,-0.98,9.37,0.24,58.89,3.81,-3.98,0.36,54.56,1.73,-1.69,0.33,1.17,-1.68,39.29,0.01,41.39,0.12,4.07,0.25,7.73,-19.73,3.07,0.05,62.81,-10.88,-15.13,0.38,71.86,35.51,135.61,0.44,30.8,3.43,18.42,0.19,694.62,0.13,5.1,4.25,8761.87,-0.85,-0.38,53.64,2787.86,-1.62,-1.12,17.07,102.9,-4.05,-41.53,0.63,177.69,-6.18,-15.81,1.09,150.47,-7.2,-17.82,0.92,0.06,0.0,200.0,0.0,1.35,0.0,75.32,0.01,12.67,0.16,-15.31,0.08,11.27,-0.62,76.09,0.07,1.88,1.08,-67.64,0.01,2020.91,-1.15,2.68,12.37,1549.8,-1.92,6.69,9.49,4.98,2.89,4.62,0.03,175.41,-4.53,-18.09,1.07,290.72,5.43,-1.99,1.78,37.08,-0.62,-21.09,0.23,542.51,10.45,7.63,3.32,457.72,11.78,4.58,2.8,84.78,3.78,27.7,0.52,1177.5,-3.53,17.54,7.21,582.92,-1.72,0.8,3.57,3.44,-1.71,3.3,0.02,400.89,1.63,9.9,2.45,299.29,-1.34,-13.0,1.83,118.31,-0.96,4.61,0.72,510.58,2.33,-23.09,3.13,16334.72,0.72,3.4,142.71,9.15,17.27,16477.42,0.78,3.5,1476.4,3.53,9.53,9.04,14858.32,0.45,2.83,90.96
2017,Q3,2017Q3,5189.37,3.06,38.56,29.22,4787.57,3.19,43.84,26.96,283.89,2.52,-1.85,1.6,41.79,3.96,-9.51,0.24,76.12,-2.85,-6.26,0.43,3976.03,7.74,3.87,22.39,1773.74,22.64,18.15,9.99,1747.41,23.03,18.36,9.84,0.51,-38.55,-77.83,0.0,1.12,10.89,-22.76,0.01,24.7,1.86,16.78,0.14,1568.85,-2.85,2.59,8.83,44.35,-45.4,-6.41,0.25,134.02,-4.56,1.24,0.75,698.17,0.58,0.61,3.93,355.65,0.19,7.54,2.0,48.8,1.24,4.47,0.27,12.96,-1.74,7.02,0.07,38.91,0.23,-1.12,0.22,60.85,1.79,3.33,0.34,55.47,0.67,1.67,0.31,1.28,0.79,9.4,0.01,42.48,-0.33,2.63,0.24,6.54,-21.3,-15.39,0.04,69.37,-9.72,10.44,0.39,64.22,11.45,-10.63,0.36,27.91,0.32,-9.38,0.16,541.31,-0.46,-22.07,3.05,8594.83,-2.66,-1.91,48.39,2829.61,-1.74,1.5,15.93,153.18,0.18,48.86,0.86,197.78,-6.25,11.31,1.11,163.55,-6.3,8.69,0.92,0.04,0.0,-33.33,0.0,1.51,0.0,11.85,0.01,16.21,0.5,27.94,0.09,13.73,0.22,21.83,0.08,2.74,-45.85,45.74,0.02,1702.14,-4.48,-15.77,9.58,1319.54,-5.68,-14.86,7.43,4.2,2.19,-15.66,0.02,160.85,-2.33,-8.3,0.91,217.55,1.6,-25.17,1.22,32.72,0.43,-11.76,0.18,479.21,-5.96,-11.67,2.7,417.33,-6.54,-8.82,2.35,61.88,-1.86,-27.01,0.35,1207.99,-4.12,2.59,6.8,665.06,-1.38,14.09,3.74,3.79,0.53,10.17,0.02,369.04,-0.72,-7.94,2.08,388.21,-1.22,29.71,2.19,118.26,-0.86,-0.04,0.67,447.83,1.72,-12.29,2.52,17760.23,1.17,8.73,228.72,3.71,60.27,17988.95,1.2,9.17,1747.41,23.03,18.36,9.84,16012.82,-0.76,7.77,90.16
2017,Q4,2017Q4,4859.44,4.23,-6.36,26.13,4377.46,4.58,-8.57,23.54,333.19,0.19,17.37,1.79,49.19,2.84,17.71,0.26,99.61,4.05,30.86,0.54,3817.03,4.87,-4.0,20.52,1393.89,10.7,-21.42,7.49,1366.25,11.2,-21.81,7.35,2.02,3.06,296.08,0.01,0.82,32.26,-26.79,0.0,24.8,-10.95,0.4,0.13,1647.68,0.14,5.02,8.86,29.96,-46.25,-32.45,0.16,144.55,-1.93,7.86,0.78,739.0,2.18,5.85,3.97,383.25,1.65,7.76,2.06,50.77,0.4,4.04,0.27,13.78,2.76,6.33,0.07,39.75,4.83,2.16,0.21,58.03,3.26,-4.63,0.31,56.91,3.42,2.6,0.31,1.3,0.78,1.56,0.01,46.05,1.54,8.4,0.25,7.58,0.26,15.9,0.04,76.76,2.84,10.65,0.41,103.04,16.02,60.45,0.55,23.28,1.26,-16.59,0.13,649.14,4.14,19.92,3.49,9921.6,0.1,15.44,53.35,3109.42,2.07,9.89,16.72,177.39,0.78,15.8,0.95,253.33,16.58,28.09,1.36,215.06,19.7,31.49,1.16,0.06,0.0,50.0,0.0,1.1,3.77,-27.15,0.01,17.32,4.72,6.85,0.09,15.29,2.76,11.36,0.08,4.49,-11.79,63.87,0.02,2085.76,-1.46,22.54,11.21,1608.34,-3.28,21.89,8.65,4.61,3.13,9.76,0.02,179.81,1.02,11.79,0.97,293.01,7.98,34.69,1.58,35.84,3.55,9.54,0.19,527.21,0.22,10.02,2.83,469.59,2.6,12.52,2.52,57.63,-15.71,-6.87,0.31,1307.13,-5.92,8.21,7.03,703.4,0.64,5.76,3.78,3.91,2.36,3.17,0.02,428.92,-0.45,16.23,2.31,476.47,-1.04,22.74,2.56,124.56,-0.38,5.33,0.67,688.25,3.46,53.69,3.7,18598.07,2.11,4.72,221.59,-2.12,-3.12,18819.66,2.06,4.62,1366.25,11.2,-21.81,7.35,17231.82,1.45,7.61,92.65
2018,Q1,2018Q1,3487.31,3.0,-28.24,21.66,3045.16,3.45,-30.44,18.92,292.39,-1.85,-12.25,1.82,41.36,2.94,-15.92,0.26,108.4,4.24,8.82,0.67,3855.58,6.58,1.01,23.95,1548.23,14.1,11.07,9.62,1537.04,14.02,12.5,9.55,2.47,2.49,22.28,0.02,3.94,45.93,380.49,0.02,4.77,27.54,-80.77,0.03,1595.56,3.39,-3.16,9.91,29.13,7.06,-2.77,0.18,148.25,5.28,2.56,0.92,723.94,5.46,-2.04,4.5,355.92,1.85,-7.13,2.21,52.49,1.53,3.39,0.33,13.08,3.4,-5.08,0.08,36.47,1.36,-8.25,0.23,58.3,-4.94,0.47,0.36,55.75,0.45,-2.04,0.35,0.92,9.52,-29.23,0.01,40.11,0.85,-12.9,0.25,7.67,2.27,1.19,0.05,73.54,-0.64,-4.19,0.46,32.0,4.92,-68.94,0.2,29.03,11.61,24.7,0.18,650.77,-1.54,0.25,4.04,8753.76,-0.47,-11.77,54.38,2747.17,-2.57,-11.65,17.07,176.5,0.28,-0.5,1.1,241.53,14.44,-4.66,1.5,211.7,15.63,-1.56,1.32,0.02,0.0,-66.67,0.0,0.79,2.6,-28.18,0.0,16.48,10.16,-4.85,0.1,6.55,2.34,-57.16,0.04,5.99,3.1,33.41,0.04,1999.21,1.58,-4.15,12.42,1479.87,1.88,-7.99,9.19,5.35,12.39,16.05,0.03,214.69,0.26,19.4,1.33,299.29,0.9,2.14,1.86,47.13,0.3,31.5,0.29,571.13,13.3,8.33,3.55,492.75,12.58,4.93,3.06,78.39,18.08,36.02,0.49,907.59,-9.4,-30.57,5.64,564.69,-2.35,-19.72,3.51,3.31,-0.6,-15.35,0.02,358.5,-1.72,-16.42,2.23,345.54,0.44,-27.48,2.15,112.69,-0.36,-9.53,0.7,678.76,2.24,-1.38,4.22,16096.65,1.89,-13.45,138.3,13.65,-37.59,16234.95,1.98,-13.73,1537.04,14.02,12.5,9.55,14559.61,0.76,-15.51,90.45
2018,Q2,2018Q2,3789.72,1.19,8.67,22.86,3378.03,1.49,10.93,20.37,283.58,-1.95,-3.01,1.71,48.01,3.96,16.08,0.29,80.1,-1.35,-26.11,0.48,3842.93,0.4,-0.33,23.18,1443.69,-3.84,-6.75,8.71,1418.07,-3.95,-7.74,8.55,2.21,-3.91,-10.53,0.01,1.56,7.59,-60.41,0.01,21.85,3.31,358.07,0.13,1539.57,0.68,-3.51,9.29,37.21,-21.48,27.74,0.22,137.47,3.84,-7.27,0.83,702.37,1.21,-2.98,4.24,339.76,2.73,-4.54,2.05,47.75,2.23,-9.03,0.29,12.82,5.86,-1.99,0.08,38.72,-1.6,6.17,0.23,59.25,0.61,1.63,0.36,55.26,1.28,-0.88,0.33,1.21,3.42,31.52,0.01,39.73,-4.01,-0.95,0.24,7.51,-2.85,-2.09,0.05,60.51,-3.66,-17.72,0.36,77.31,7.58,141.59,0.47,34.49,11.98,18.81,0.21,747.86,7.66,14.92,4.51,8947.86,2.12,2.22,53.97,2728.13,-2.14,-0.69,16.45,105.4,2.43,-40.28,0.64,216.35,21.76,-10.43,1.3,185.62,23.36,-12.32,1.12,0.06,0.0,200.0,0.0,1.41,4.44,78.48,0.01,15.75,24.31,-4.43,0.09,11.27,0.0,72.06,0.07,2.24,19.15,-62.6,0.01,2259.56,11.81,13.02,13.63,1728.59,11.54,16.81,10.43,5.15,3.41,-3.74,0.03,171.39,-2.29,-20.17,1.03,354.44,21.92,18.43,2.14,38.37,3.48,-18.59,0.23,549.43,1.28,-3.8,3.31,461.42,0.81,-6.36,2.78,88.01,3.81,12.27,0.53,1131.76,-3.88,24.7,6.83,594.97,2.07,5.36,3.59,3.32,-3.49,0.3,0.02,380.01,-5.21,6.0,2.29,297.29,-0.67,-13.96,1.79,118.79,0.41,5.41,0.72,524.47,2.72,-22.73,3.16,16580.51,1.5,3.01,138.12,-3.22,-0.13,16718.63,1.46,2.98,1418.07,-3.95,-7.74,8.55,15162.44,2.05,4.14,91.45
2018,Q3,2018Q3,5288.34,1.91,39.54,29.25,4877.08,1.87,44.38,26.97,291.16,2.56,2.67,1.61,43.34,3.71,-9.73,0.24,76.76,0.84,-4.17,0.42,3971.66,-0.11,3.35,21.97,1723.88,-2.81,19.41,9.53,1696.61,-2.91,19.64,9.38,0.5,-1.96,-77.38,0.0,1.31,16.96,-16.03,0.01,25.46,3.08,16.52,0.14,1599.04,1.92,3.86,8.84,36.64,-17.38,-1.53,0.2,144.94,8.15,5.43,0.8,718.42,2.9,2.29,3.97,359.36,1.04,5.77,1.99,49.51,1.45,3.69,0.27,13.23,2.08,3.2,0.07,39.4,1.26,1.76,0.22,61.07,0.36,3.07,0.34,55.99,0.94,1.32,0.31,1.32,3.12,9.09,0.01,42.37,-0.26,6.64,0.23,6.28,-3.98,-16.38,0.03,70.53,1.67,16.56,0.39,75.96,18.28,-1.75,0.42,28.55,2.29,-17.22,0.16,544.23,0.54,-27.23,3.01,8821.34,2.64,-1.41,48.79,2857.37,0.98,4.74,15.8,157.26,2.66,49.2,0.87,221.42,11.95,2.34,1.22,183.29,12.07,-1.26,1.01,0.04,0.0,-33.33,0.0,1.55,2.65,9.93,0.01,20.16,24.37,28.0,0.11,14.21,3.5,26.09,0.08,2.17,-20.8,-3.13,0.01,1907.89,12.09,-15.56,10.55,1517.1,14.97,-12.23,8.39,4.38,4.29,-14.95,0.02,160.13,-0.45,-6.57,0.89,226.28,4.01,-36.16,1.25,33.65,2.84,-12.3,0.19,456.18,-4.81,-16.97,2.52,393.67,-5.67,-14.68,2.18,62.51,1.02,-28.97,0.35,1175.66,-2.68,3.88,6.5,677.86,1.92,13.93,3.75,3.87,2.11,16.57,0.02,365.54,-0.95,-3.81,2.02,386.57,-0.42,30.03,2.14,117.46,-0.68,-1.12,0.65,460.63,2.86,-12.17,2.55,18081.34,1.81,9.05,223.78,-2.16,62.02,18305.13,1.76,9.49,1696.61,-2.91,19.64,9.38,16384.73,2.32,8.06,90.62
2018,Q4,2018Q4,4978.78,2.46,-5.85,26.15,4486.17,2.48,-8.02,23.56,341.0,2.34,17.12,1.79,50.04,1.73,15.46,0.26,101.57,1.97,32.32,0.53,3853.26,0.95,-2.98,20.24,1376.68,-1.23,-20.14,7.23,1344.16,-1.62,-20.77,7.06,1.64,-18.81,228.0,0.01,0.89,8.54,-32.06,0.0,30.0,20.97,17.83,0.16,1686.42,2.35,5.46,8.86,40.03,33.61,9.25,0.21,145.97,0.98,0.71,0.77,755.42,2.22,5.15,3.97,387.99,1.24,7.97,2.04,51.6,1.63,4.22,0.27,14.14,2.61,6.88,0.07,40.35,1.51,2.41,0.21,59.34,2.26,-2.83,0.31,58.86,3.43,5.13,0.31,1.3,0.0,-1.52,0.01,46.2,0.33,9.04,0.24,7.14,-5.8,13.69,0.04,78.07,1.71,10.69,0.41,104.02,0.95,36.94,0.55,23.71,1.85,-16.95,0.12,662.43,2.05,21.72,3.48,10209.4,2.9,15.74,53.62,3141.12,1.02,9.93,16.5,181.03,2.05,15.12,0.95,277.34,9.48,25.26,1.46,234.63,9.1,28.01,1.23,0.07,16.67,75.0,0.0,1.12,1.82,-27.74,0.01,21.43,23.73,6.3,0.11,15.56,1.77,9.5,0.08,4.53,0.89,108.76,0.02,2361.0,13.2,23.75,12.4,1876.51,16.67,23.69,9.85,4.78,3.69,9.13,0.03,180.79,0.55,12.9,0.95,298.91,2.01,32.1,1.57,37.34,4.19,10.97,0.2,517.93,-1.76,13.54,2.72,459.59,-2.13,16.74,2.41,58.33,1.21,-6.69,0.31,1256.85,-3.85,6.91,6.6,706.61,0.46,4.24,3.71,3.94,0.77,1.81,0.02,427.54,-0.32,16.96,2.25,478.16,0.35,23.69,2.51,123.77,-0.63,5.37,0.65,696.78,1.24,51.27,3.66,19041.44,2.38,5.31,236.2,6.59,5.55,19277.64,2.43,5.31,1344.16,-1.62,-20.77,7.06,17697.28,2.7,8.01,92.94
2019,Q1,2019Q1,3597.92,3.17,-27.73,21.89,3144.59,3.27,-29.9,19.13,294.97,0.88,-13.5,1.79,42.27,2.2,-15.53,0.26,116.09,7.09,14.3,0.71,3871.8,0.42,0.48,23.56,1527.06,-1.37,10.92,9.29,1514.64,-1.46,12.68,9.22,3.24,31.17,97.56,0.02,3.01,-23.6,238.2,0.02,6.17,29.35,-79.43,0.04,1608.46,0.81,-4.62,9.79,14.67,-49.64,-63.35,0.09,152.41,2.81,4.41,0.93,736.65,1.76,-2.48,4.48,359.51,1.01,-7.34,2.19,53.22,1.39,3.14,0.32,13.35,2.06,-5.59,0.08,37.08,1.67,-8.1,0.23,60.44,3.67,1.85,0.37,58.18,4.36,-1.16,0.35,0.94,2.17,-27.69,0.01,40.71,1.5,-11.88,0.25,8.69,13.3,21.71,0.05,72.61,-1.26,-6.99,0.44,34.71,8.47,-66.63,0.21,30.12,3.75,27.04,0.18,671.45,3.18,1.36,4.09,8964.84,2.41,-12.19,54.55,2770.45,0.85,-11.8,16.86,183.83,4.15,1.55,1.12,288.64,19.5,4.07,1.76,257.17,21.48,9.61,1.56,0.02,0.0,-71.43,0.0,0.8,1.27,-28.57,0.0,17.98,9.1,-16.1,0.11,6.69,2.14,-57.01,0.04,5.98,-0.17,32.01,0.04,2188.81,9.48,-7.29,13.32,1660.08,12.18,-11.53,10.1,5.35,0.0,11.92,0.03,217.13,1.14,20.1,1.32,306.26,2.33,2.46,1.86,50.49,7.13,35.22,0.31,527.75,-7.6,1.9,3.21,447.34,-9.22,-2.67,2.72,80.4,2.56,37.84,0.49,916.06,0.93,-27.11,5.57,574.48,1.73,-18.7,3.5,3.36,1.51,-14.72,0.02,307.55,-14.21,-28.07,1.87,346.17,0.18,-27.6,2.11,112.51,-0.16,-9.1,0.68,694.74,2.35,-0.29,4.23,16434.55,2.1,-13.69,135.18,-2.26,-42.77,16569.73,2.06,-14.05,1514.64,-1.46,12.68,9.22,14919.91,2.47,-15.69,90.78
2019,Q2,2019Q2,3857.71,1.79,7.22,22.78,3443.61,1.94,9.51,20.34,283.56,-0.01,-3.87,1.67,49.56,3.23,17.25,0.29,80.98,1.1,-30.24,0.48,3952.22,2.84,2.08,23.34,1544.77,7.0,1.16,9.12,1519.8,7.17,0.34,8.98,2.38,7.69,-26.54,0.01,1.5,-3.85,-50.17,0.01,21.09,-3.48,241.82,0.12,1537.52,-0.13,-4.41,9.08,28.34,-23.84,93.18,0.17,139.65,1.59,-8.37,0.82,710.91,1.22,-3.49,4.2,334.93,-1.42,-6.84,1.98,48.32,1.19,-9.21,0.29,13.12,2.34,-1.72,0.08,38.23,-1.27,3.1,0.23,59.82,0.96,-1.03,0.35,56.51,2.26,-2.87,0.33,1.24,2.48,31.91,0.01,38.52,-3.05,-5.38,0.23,7.39,-1.6,-14.96,0.04,60.55,0.07,-16.61,0.36,77.65,0.44,123.71,0.46,39.44,14.35,30.94,0.23,752.83,0.66,12.12,4.45,9121.51,1.94,1.75,53.87,2721.32,-0.25,-1.77,16.07,108.48,2.92,-40.99,0.64,233.71,8.02,-19.03,1.38,200.85,8.2,-21.9,1.19,0.06,0.0,200.0,0.0,1.4,-0.71,75.0,0.01,17.69,12.32,-1.61,0.1,11.48,1.86,71.6,0.07,2.23,-0.45,-62.71,0.01,2463.11,9.01,12.53,14.55,1924.62,11.34,15.94,11.37,5.39,4.66,0.75,0.03,167.33,-2.37,-22.94,0.99,365.78,3.2,19.43,2.16,38.68,0.81,-23.39,0.23,537.15,-2.24,1.78,3.17,445.2,-3.52,-0.48,2.63,91.95,4.48,14.37,0.54,1088.27,-3.84,18.8,6.43,602.16,1.21,4.82,3.56,3.39,2.11,0.89,0.02,367.11,-3.39,19.37,2.17,300.16,0.97,-13.29,1.77,120.13,1.13,6.77,0.71,537.85,2.55,-22.58,3.18,16931.43,2.12,3.02,144.67,4.74,7.02,17076.1,2.14,3.06,1519.8,7.17,0.34,8.98,15411.63,1.64,3.3,91.02
2019,Q3,2019Q3,5408.98,2.28,40.21,29.25,4994.73,2.41,45.04,27.01,291.22,0.02,2.7,1.57,44.98,3.78,-9.24,0.24,78.05,1.68,-3.62,0.42,4099.24,3.21,3.72,22.17,1830.51,6.19,18.5,9.9,1806.75,6.49,18.88,9.77,0.66,32.0,-72.27,0.0,1.22,-6.87,-18.67,0.01,21.89,-14.02,3.79,0.12,1616.58,1.1,5.14,8.74,25.37,-30.76,-10.48,0.14,154.9,6.87,10.92,0.84,739.8,2.98,4.06,4.0,355.32,-1.12,6.09,1.92,51.19,3.39,5.94,0.28,13.5,2.04,2.9,0.07,39.45,0.13,3.19,0.21,61.63,0.92,3.03,0.33,56.57,1.04,0.11,0.31,1.33,0.76,7.26,0.01,40.23,-5.05,4.44,0.22,6.18,-1.59,-16.37,0.03,71.13,0.85,17.47,0.38,66.98,-11.82,-13.74,0.36,28.01,-1.89,-28.98,0.15,557.15,2.37,-25.99,3.01,8985.9,1.87,-1.49,48.59,2815.89,-1.45,3.48,15.23,160.85,2.28,48.28,0.87,261.81,18.24,12.02,1.42,220.27,20.18,9.67,1.19,0.04,0.0,-33.33,0.0,1.57,1.29,12.14,0.01,23.23,15.23,31.32,0.13,14.55,2.39,26.74,0.08,2.15,-0.92,-3.59,0.01,2096.32,9.88,-14.89,11.34,1701.53,12.16,-11.59,9.2,4.51,2.97,-16.33,0.02,161.78,1.03,-3.32,0.87,228.51,0.99,-37.53,1.24,34.62,2.88,-10.5,0.19,461.05,1.07,-14.17,2.49,396.06,0.61,-11.04,2.14,64.99,3.97,-29.32,0.35,1148.47,-2.31,5.53,6.21,660.13,-2.62,9.63,3.57,3.99,3.1,17.7,0.02,367.76,0.61,0.18,1.99,391.17,1.19,30.32,2.12,118.47,0.86,-1.38,0.64,465.38,1.03,-13.47,2.52,18494.11,2.28,9.23,203.21,-9.19,40.46,18697.32,2.14,9.49,1806.75,6.49,18.88,9.77,16687.36,1.85,8.28,90.23
2019,Q4,2019Q4,5093.98,2.31,-5.82,26.09,4599.07,2.52,-7.92,23.55,340.31,-0.2,16.86,1.74,50.67,1.26,12.65,0.26,103.94,2.33,33.17,0.53,3959.09,2.75,-3.42,20.27,1460.28,6.07,-20.23,7.48,1429.67,6.36,-20.87,7.32,1.44,-12.2,118.18,0.01,0.87,-2.25,-28.69,0.0,28.31,-5.63,29.33,0.14,1707.26,1.24,5.61,8.74,29.74,-25.71,17.23,0.15,147.62,1.13,-4.7,0.76,775.71,2.69,4.85,3.97,391.92,1.01,10.3,2.01,52.5,1.74,2.56,0.27,13.97,-1.2,3.48,0.07,40.72,0.92,3.22,0.21,60.07,1.23,-2.53,0.31,60.68,3.09,7.27,0.31,1.31,0.77,-1.5,0.01,46.72,1.13,16.13,0.24,6.99,-2.1,13.11,0.04,79.32,1.6,11.51,0.41,95.89,-7.82,43.16,0.49,24.54,3.5,-12.39,0.13,671.11,1.31,20.45,3.44,10474.65,2.6,16.57,53.64,3122.89,-0.58,10.9,15.99,184.7,2.03,14.83,0.95,275.12,-0.8,5.08,1.41,228.58,-2.58,3.77,1.17,0.07,0.0,75.0,0.0,1.14,1.79,-27.39,0.01,24.64,14.98,6.07,0.13,16.15,3.79,11.0,0.08,4.55,0.44,111.63,0.02,2561.68,8.5,22.2,13.12,2069.09,10.26,21.6,10.6,4.93,3.14,9.31,0.03,182.26,0.81,12.66,0.93,305.4,2.17,33.65,1.56,39.15,4.85,13.08,0.2,622.44,20.18,35.0,3.19,562.24,22.34,41.96,2.88,60.2,3.21,-7.37,0.31,1213.55,-3.45,5.67,6.21,710.53,0.55,7.63,3.64,3.99,1.27,0.0,0.02,427.8,0.06,16.33,2.19,482.16,0.84,23.26,2.47,123.07,-0.57,3.88,0.63,707.57,1.55,52.04,3.62,19527.72,2.55,5.59,223.21,-5.5,9.84,19750.93,2.46,5.64,1429.67,6.36,-20.87,7.32,18098.05,2.26,8.45,92.68
2020,Q1,2020Q1,3677.15,2.2,-27.81,21.96,3219.51,2.38,-30.0,19.23,296.84,0.63,-12.77,1.77,42.99,1.7,-15.16,0.26,117.82,1.49,13.35,0.7,3959.17,2.26,0.0,23.65,1597.02,4.58,9.36,9.54,1591.25,5.06,11.3,9.5,1.83,-43.52,27.08,0.01,2.89,-3.99,232.18,0.02,1.05,-82.98,-96.29,0.01,1615.39,0.43,-5.38,9.65,6.93,-52.76,-76.7,0.04,154.95,1.67,4.97,0.93,744.75,1.1,-3.99,4.45,363.21,1.03,-7.33,2.17,53.88,1.24,2.63,0.32,13.61,1.95,-2.58,0.08,37.29,0.57,-8.42,0.22,59.62,-1.36,-0.75,0.36,58.92,1.27,-2.9,0.35,0.92,-2.13,-29.77,0.01,41.2,1.2,-11.82,0.25,8.78,1.04,25.61,0.05,71.32,-1.78,-10.09,0.43,33.91,-2.3,-64.64,0.2,30.06,-0.2,22.49,0.18,682.79,1.69,1.74,4.08,9105.49,1.57,-13.07,54.39,2692.25,-2.82,-13.79,16.08,178.33,-2.99,-3.45,1.07,296.78,2.82,7.87,1.77,264.44,2.83,15.69,1.58,0.02,0.0,-71.43,0.0,0.8,0.0,-29.82,0.0,19.0,5.67,-22.89,0.11,6.59,-1.49,-59.2,0.04,5.92,-1.0,30.11,0.04,2356.23,7.65,-8.02,14.07,1821.24,9.71,-11.98,10.88,5.35,0.0,8.52,0.03,217.84,0.33,19.52,1.3,311.8,1.81,2.1,1.86,51.26,1.53,30.93,0.31,637.49,20.79,2.42,3.81,554.72,24.0,-1.34,3.31,82.77,2.95,37.49,0.49,872.53,-4.75,-28.1,5.21,572.26,-0.39,-19.46,3.42,3.29,-2.08,-17.54,0.02,280.72,-8.72,-34.38,1.68,348.56,0.69,-27.71,2.08,113.7,1.06,-7.61,0.68,702.09,1.06,-0.77,4.19,16741.81,1.87,-14.27,151.46,12.04,-32.14,16893.27,1.95,-14.47,1591.25,5.06,11.3,9.5,15150.56,1.55,-16.29,90.5
2020,Q2,2020Q2,3918.67,1.58,6.57,24.65,3493.04,1.44,8.5,21.97,289.96,2.26,-2.32,1.82,50.09,1.07,16.52,0.32,85.58,5.68,-27.36,0.54,3476.09,-12.05,-12.2,21.87,1442.81,-6.6,-9.66,9.08,1419.04,-6.63,-10.82,8.93,2.63,10.5,43.72,0.02,1.39,-7.33,-51.9,0.01,19.75,-6.35,1780.95,0.12,1402.57,-8.78,-13.17,8.82,9.16,-67.68,32.18,0.06,131.92,-5.54,-14.86,0.83,689.55,-3.0,-7.41,4.34,286.58,-14.44,-21.1,1.8,43.14,-10.72,-19.93,0.27,9.42,-28.2,-30.79,0.06,39.68,3.79,6.41,0.25,46.19,-22.79,-22.53,0.29,50.43,-10.76,-14.41,0.32,0.89,-28.23,-3.26,0.01,35.81,-7.04,-13.08,0.23,7.91,7.04,-9.91,0.05,51.89,-14.3,-27.24,0.33,75.32,-3.0,122.12,0.47,41.69,5.7,38.69,0.26,513.69,-31.77,-24.77,3.23,8503.18,-6.78,-6.61,53.49,2269.99,-16.58,-15.68,14.28,64.89,-40.18,-63.61,0.41,118.65,-49.23,-60.02,0.75,97.67,-51.37,-63.07,0.61,0.02,-66.67,0.0,0.0,1.0,-28.57,25.0,0.01,7.54,-57.38,-60.32,0.05,10.2,-11.15,54.78,0.06,2.22,-0.45,-62.5,0.01,2834.91,15.09,20.32,17.83,2272.97,18.1,24.8,14.3,4.4,-18.37,-17.76,0.03,159.63,-4.6,-26.72,1.0,397.91,8.78,27.62,2.5,35.22,-8.95,-31.29,0.22,636.49,18.49,-0.16,4.0,571.69,28.41,3.06,3.6,64.8,-29.53,-21.71,0.41,848.91,-21.99,-2.71,5.34,509.35,-15.41,-10.99,3.2,3.31,-2.36,0.61,0.02,374.51,2.02,33.41,2.36,227.75,-24.12,-34.66,1.43,122.4,1.89,7.65,0.77,456.8,-15.07,-34.94,2.87,15897.93,-6.1,-5.04,146.58,1.32,-3.22,16044.51,-6.04,-5.02,1419.04,-6.63,-10.82,8.93,14478.89,-6.05,-4.43,91.07
2020,Q3,2020Q3,5484.06,1.39,39.95,30.77,5063.61,1.38,44.96,28.41,297.89,2.29,2.73,1.67,46.13,2.56,-7.91,0.26,76.44,-2.06,-10.68,0.43,3848.24,-6.12,10.71,21.59,1588.52,-13.22,10.1,8.91,1555.77,-13.89,9.64,8.73,0.57,-13.64,-78.33,0.0,1.14,-6.56,-17.99,0.01,31.04,41.8,57.16,0.17,1592.21,-1.51,13.52,8.93,8.04,-68.31,-12.23,0.05,173.42,11.96,31.46,0.97,781.01,5.57,13.26,4.38,312.24,-12.12,8.95,1.75,48.57,-5.12,12.59,0.27,12.53,-7.19,33.01,0.07,42.05,6.59,5.97,0.24,54.09,-12.23,17.1,0.3,52.63,-6.96,4.36,0.3,1.06,-20.3,19.1,0.01,38.08,-5.34,6.34,0.21,6.62,7.12,-16.31,0.04,61.86,-13.03,19.21,0.35,64.53,-3.66,-14.33,0.36,30.0,7.1,-28.04,0.17,572.98,2.84,11.54,3.21,8492.18,-5.49,-0.13,47.64,2474.5,-12.12,9.01,13.88,124.48,-22.61,91.83,0.7,149.28,-42.98,25.82,0.84,117.54,-46.64,20.34,0.66,0.02,-50.0,0.0,0.0,1.3,-17.2,30.0,0.01,14.2,-38.87,88.33,0.08,14.05,-3.44,37.75,0.08,2.17,0.93,-2.25,0.01,2401.46,14.56,-15.29,13.47,1996.93,17.36,-12.14,11.2,4.25,-5.76,-3.41,0.02,164.39,1.61,2.98,0.92,235.9,3.23,-40.72,1.32,33.0,-4.68,-6.3,0.19,475.84,3.21,-25.24,2.67,422.98,6.8,-26.01,2.37,52.86,-18.66,-18.43,0.3,994.52,-13.4,17.15,5.58,592.06,-10.31,16.24,3.32,3.94,-1.25,19.03,0.02,380.9,3.57,1.71,2.14,310.04,-20.74,36.13,1.74,121.81,2.82,-0.48,0.68,430.33,-7.53,-5.79,2.41,17824.48,-3.62,12.12,285.11,40.3,94.51,18109.6,-3.14,12.87,1555.77,-13.89,9.64,8.73,16268.71,-2.51,12.36,91.27
2020,Q4,2020Q4,5268.29,3.42,-3.93,26.95,4768.37,3.68,-5.83,24.39,348.42,2.38,16.96,1.78,51.3,1.24,11.21,0.26,100.2,-3.6,31.08,0.51,3670.22,-7.3,-4.63,18.77,1191.05,-18.44,-25.02,6.09,1147.14,-19.76,-26.27,5.87,1.1,-23.61,92.98,0.01,0.79,-9.2,-30.7,0.0,42.02,48.43,35.37,0.21,1681.42,-1.51,5.6,8.6,12.93,-56.52,60.82,0.07,157.34,6.58,-9.27,0.8,792.35,2.15,1.45,4.05,370.18,-5.55,18.56,1.89,50.84,-3.16,4.67,0.26,13.34,-4.51,6.46,0.07,40.4,-0.79,-3.92,0.21,54.11,-9.92,0.04,0.28,60.82,0.23,15.56,0.31,1.16,-11.45,9.43,0.01,44.88,-3.94,17.86,0.23,7.13,2.0,7.7,0.04,75.94,-4.26,22.76,0.39,93.48,-2.51,44.86,0.48,25.01,1.92,-16.63,0.13,679.25,1.21,18.55,3.47,10611.64,1.31,24.96,54.28,3022.96,-3.2,22.16,15.46,156.93,-15.04,26.07,0.8,258.75,-5.95,73.33,1.32,225.45,-1.37,91.81,1.15,0.06,-14.29,200.0,0.0,1.0,-12.28,-23.08,0.01,11.9,-51.7,-16.2,0.06,15.71,-2.72,11.81,0.08,4.62,1.54,112.9,0.02,2944.55,14.95,22.61,15.06,2434.02,17.64,21.89,12.45,4.81,-2.43,13.18,0.02,186.84,2.51,13.66,0.96,318.89,4.42,35.18,1.63,38.55,-1.53,16.82,0.2,599.87,-3.63,26.07,3.07,548.27,-2.48,29.62,2.8,51.59,-14.3,-2.4,0.26,1247.63,2.81,25.45,6.38,671.92,-5.43,13.49,3.44,3.78,-5.26,-4.06,0.02,435.52,1.8,14.34,2.23,427.04,-11.43,37.74,2.18,126.83,3.06,4.12,0.65,677.33,-4.27,57.4,3.46,19550.15,0.11,9.68,203.02,-9.05,-28.79,19753.16,0.01,9.08,1147.14,-19.76,-26.27,5.87,18403.01,1.69,13.12,94.13
2021,Q1,2021Q1,3760.88,2.28,-28.61,22.35,3293.95,2.31,-30.92,19.58,301.75,1.65,-13.39,1.79,43.54,1.28,-15.13,0.26,121.64,3.24,21.4,0.72,3996.32,0.94,8.89,23.75,1562.06,-2.19,31.15,9.28,1556.07,-2.21,35.65,9.25,1.85,1.09,68.18,0.01,3.72,28.72,370.89,0.02,0.42,-60.0,-99.0,0.0,1670.39,3.4,-0.66,9.93,2.97,-57.14,-77.03,0.02,172.31,11.2,9.51,1.02,797.69,7.11,0.67,4.74,346.76,-4.53,-6.33,2.06,52.61,-2.36,3.48,0.31,13.58,-0.22,1.8,0.08,38.75,3.92,-4.08,0.23,61.34,2.88,13.36,0.36,59.91,1.68,-1.5,0.36,0.88,-4.35,-24.14,0.01,40.53,-1.63,-9.69,0.24,9.07,3.3,27.21,0.05,73.99,3.74,-2.57,0.44,36.84,8.64,-60.59,0.22,34.5,14.77,37.94,0.21,692.52,1.43,1.95,4.12,9069.69,-0.39,-14.53,53.9,2626.86,-2.43,-13.1,15.61,170.12,-4.6,8.41,1.01,231.81,-21.89,-10.41,1.38,201.64,-23.75,-10.56,1.2,0.02,0.0,-66.67,0.0,0.75,-6.25,-25.0,0.0,16.76,-11.79,40.84,0.1,6.56,-0.46,-58.24,0.04,6.07,2.53,31.39,0.04,2508.64,6.47,-14.8,14.91,1961.28,7.69,-19.42,11.66,5.28,-1.31,9.77,0.03,222.65,2.21,19.17,1.32,319.44,2.45,0.17,1.9,50.68,-1.13,31.47,0.3,634.54,-0.46,5.78,3.77,555.57,0.15,1.33,3.3,78.98,-4.58,53.09,0.47,887.93,1.76,-28.83,5.28,550.3,-3.84,-18.1,3.27,3.27,-0.61,-13.49,0.02,278.24,-0.88,-36.11,1.65,326.94,-6.2,-23.44,1.94,118.98,4.64,-6.19,0.71,681.36,-2.95,0.59,4.05,16826.89,0.51,-13.93,135.62,-10.46,-33.2,16962.51,0.41,-14.13,1556.07,-2.21,35.65,9.25,15270.82,0.79,-17.02,90.75
2021,Q2,2021Q2,3969.7,1.3,5.55,23.78,3541.21,1.38,7.51,21.21,290.34,0.13,-3.78,1.74,50.63,1.08,16.28,0.3,87.52,2.27,-28.05,0.52,3433.35,-1.23,-14.09,20.57,1265.56,-12.29,-18.98,7.58,1239.46,-12.66,-20.35,7.42,3.52,33.84,90.27,0.02,1.69,21.58,-54.57,0.01,20.88,5.72,4871.43,0.13,1451.51,3.49,-13.1,8.69,4.88,-46.72,64.31,0.03,137.05,3.89,-20.46,0.82,723.16,4.87,-9.34,4.33,291.6,1.75,-15.91,1.75,43.18,0.09,-17.92,0.26,9.54,1.27,-29.75,0.06,43.34,9.22,11.85,0.26,47.62,3.1,-22.37,0.29,51.48,2.08,-14.07,0.31,0.91,2.25,3.41,0.01,36.33,1.45,-10.36,0.22,8.29,4.8,-8.6,0.05,54.15,4.36,-26.81,0.32,134.19,78.16,264.25,0.8,49.4,18.49,43.19,0.3,532.69,3.7,-23.08,3.19,9291.62,9.27,2.45,55.66,2780.51,22.49,5.85,16.66,66.17,1.97,-61.1,0.4,209.79,76.81,-9.5,1.26,187.9,92.38,-6.81,1.13,0.03,50.0,50.0,0.0,1.01,1.0,34.67,0.01,7.91,4.91,-52.8,0.05,10.62,4.12,61.89,0.06,2.3,3.6,-62.11,0.01,2992.38,5.55,19.28,17.92,2407.05,5.9,22.73,14.42,4.5,2.27,-14.77,0.03,167.64,5.02,-24.71,1.0,413.19,3.84,29.35,2.47,35.65,1.22,-29.66,0.21,620.72,-2.48,-2.18,3.72,545.76,-4.54,-1.77,3.27,74.96,15.68,-5.09,0.45,881.57,3.85,-0.72,5.28,515.84,1.27,-6.26,3.09,3.47,4.83,6.12,0.02,368.21,-1.68,32.34,2.21,229.2,0.64,-29.9,1.37,128.42,4.92,7.93,0.77,459.7,0.63,-32.53,2.75,16694.67,5.01,-0.79,209.57,42.97,54.53,16904.24,5.36,-0.34,1239.46,-12.66,-20.35,7.42,15455.21,6.74,1.21,92.58
2021,Q3,2021Q3,5550.94,1.22,39.83,29.94,5132.24,1.36,44.93,27.68,298.26,0.12,2.73,1.61,47.04,1.97,-7.09,0.25,73.4,-3.98,-16.13,0.4,3785.55,-1.63,10.26,20.41,1420.85,-10.56,12.27,7.66,1388.8,-10.73,12.05,7.49,0.54,-5.26,-84.66,0.0,1.77,55.26,4.73,0.01,29.74,-4.19,42.43,0.16,1660.56,4.29,14.4,8.96,4.2,-47.76,-13.93,0.02,183.27,5.68,33.72,0.99,828.39,6.07,14.55,4.47,315.47,1.03,8.19,1.7,49.23,1.36,14.01,0.27,12.74,1.68,33.54,0.07,46.27,10.04,6.76,0.25,56.21,3.92,18.04,0.3,54.63,3.8,6.12,0.29,1.09,2.83,19.78,0.01,38.93,2.23,7.16,0.21,6.94,4.83,-16.28,0.04,63.18,2.13,16.68,0.34,73.8,14.37,-45.0,0.4,33.89,12.97,-31.4,0.18,596.45,4.1,11.97,3.22,9206.57,8.41,-0.92,49.65,2769.06,11.9,-0.41,14.93,127.08,2.09,92.05,0.69,180.04,20.61,-14.18,0.97,142.35,21.11,-24.24,0.77,0.03,50.0,0.0,0.0,1.51,16.15,49.5,0.01,18.93,33.31,139.32,0.1,14.96,6.48,40.87,0.08,2.26,4.15,-1.74,0.01,2633.48,9.66,-11.99,14.2,2213.96,10.87,-8.02,11.94,4.36,2.59,-3.11,0.02,170.04,3.44,1.43,0.92,245.13,3.91,-40.67,1.32,34.22,3.7,-4.01,0.18,586.38,23.23,-5.53,3.16,530.82,25.5,-2.74,2.86,55.55,5.09,-25.89,0.3,1017.59,2.32,15.43,5.49,598.66,1.11,16.06,3.23,4.07,3.3,17.29,0.02,380.34,-0.15,3.29,2.05,314.29,1.37,37.12,1.69,127.89,4.99,-0.41,0.69,433.47,0.73,-5.71,2.34,18543.05,4.03,11.07,302.86,6.23,44.51,18845.92,4.07,11.49,1388.8,-10.73,12.05,7.49,17154.25,5.44,10.99,92.51
2021,Q4,2021Q4,5456.9,3.58,-1.69,26.84,4953.12,3.87,-3.49,24.36,349.86,0.41,17.3,1.72,52.02,1.4,10.59,0.26,101.89,1.69,38.81,0.5,3668.56,-0.05,-3.09,18.05,1117.73,-6.16,-21.33,5.5,1054.72,-8.06,-24.06,5.19,1.8,63.64,233.33,0.01,1.16,46.84,-34.46,0.01,60.06,42.93,101.95,0.3,1719.79,2.28,3.57,8.46,7.25,-43.93,72.62,0.04,165.98,5.49,-9.43,0.82,830.72,4.84,0.28,4.09,361.42,-2.37,14.57,1.78,48.38,-4.84,-1.73,0.24,12.89,-3.37,1.18,0.06,44.02,8.96,-4.86,0.22,56.15,3.77,-0.11,0.28,60.99,0.28,11.64,0.3,1.18,1.72,8.26,0.01,45.47,1.31,16.8,0.22,7.42,4.07,6.92,0.04,77.92,2.61,23.33,0.38,96.08,2.78,30.19,0.47,32.23,28.87,-4.9,0.16,702.73,3.46,17.82,3.46,11203.61,5.58,21.69,55.11,3184.46,5.34,15.0,15.66,158.92,1.27,25.06,0.78,335.66,29.72,86.44,1.65,293.96,30.39,106.51,1.45,0.08,33.33,166.67,0.0,1.15,15.0,-23.84,0.01,19.41,63.11,2.54,0.1,16.31,3.82,9.02,0.08,4.74,2.6,109.73,0.02,3092.56,5.03,17.43,15.21,2563.32,5.31,15.78,12.61,4.97,3.33,13.99,0.02,192.37,2.96,13.13,0.95,331.9,4.08,35.4,1.63,40.21,4.31,17.5,0.2,744.65,24.14,26.99,3.66,686.4,25.19,29.31,3.38,58.25,12.91,4.86,0.29,1265.99,1.47,24.41,6.23,682.02,1.5,13.92,3.35,3.88,2.65,-4.67,0.02,440.44,1.13,15.8,2.17,433.12,1.42,37.81,2.13,133.34,5.13,4.26,0.66,688.37,1.63,58.8,3.39,20329.06,3.98,9.63,341.05,67.99,12.61,20670.11,4.64,9.68,1054.72,-8.06,-24.06,5.19,19274.34,4.73,12.36,94.81
2022,Q1,2022Q1,3879.73,3.16,-28.9,22.36,3391.63,2.97,-31.53,19.55,318.5,5.55,-8.96,1.84,44.14,1.38,-15.15,0.25,125.46,3.14,23.13,0.72,3724.28,-6.81,1.52,21.47,1157.69,-25.89,3.58,6.67,1150.85,-26.04,9.11,6.63,1.61,-12.97,-10.56,0.01,4.87,30.91,319.83,0.03,0.36,-14.29,-99.4,0.0,1768.82,5.89,2.85,10.2,1.66,-44.11,-77.1,0.01,188.81,9.58,13.75,1.09,875.93,9.81,5.44,5.05,342.48,-1.23,-5.24,1.97,53.81,2.28,11.22,0.31,13.38,-1.47,3.8,0.08,42.75,10.32,-2.89,0.25,63.52,3.55,13.13,0.37,60.12,0.35,-1.43,0.35,0.84,-4.55,-28.81,0.0,39.93,-1.48,-12.18,0.23,9.53,5.07,28.44,0.05,76.07,2.81,-2.37,0.44,32.72,-11.18,-65.95,0.19,39.06,13.22,21.19,0.23,726.0,4.83,3.31,4.18,9745.37,7.45,-13.02,56.17,2798.78,6.54,-12.11,16.13,173.41,1.93,9.12,1.0,191.45,-17.41,-42.96,1.1,151.97,-24.63,-48.3,0.88,0.04,100.0,-50.0,0.0,0.8,6.67,-30.43,0.0,25.26,50.72,30.14,0.15,7.11,8.38,-56.41,0.04,6.26,3.13,32.07,0.04,2811.32,12.07,-9.09,16.2,2245.73,14.5,-12.39,12.94,5.45,3.22,9.66,0.03,229.67,3.15,19.39,1.32,330.47,3.45,-0.43,1.9,51.85,2.31,28.95,0.3,781.98,23.24,5.01,4.51,696.87,25.43,1.53,4.02,85.11,7.76,46.11,0.49,927.32,4.44,-26.75,5.34,560.47,1.85,-17.82,3.23,3.39,3.67,-12.63,0.02,283.59,1.92,-35.61,1.63,333.06,1.87,-23.1,1.92,126.01,5.91,-5.5,0.73,702.74,3.14,2.09,4.05,17349.38,3.11,-14.66,223.89,65.09,-34.35,17573.27,3.6,-14.98,1150.85,-26.04,9.11,6.63,16198.53,6.08,-15.96,93.37
2022,Q2,2022Q2,4017.42,1.2,3.55,23.24,3595.83,1.54,6.02,20.8,282.02,-2.87,-11.45,1.63,51.28,1.28,16.18,0.3,88.3,0.89,-29.62,0.51,3354.31,-2.3,-9.93,19.4,1125.17,-11.09,-2.81,6.51,1093.61,-11.77,-4.97,6.33,4.8,36.36,198.14,0.03,1.26,-25.44,-74.13,0.01,25.51,22.17,6986.11,0.15,1495.12,3.0,-15.47,8.65,2.82,-42.21,69.88,0.02,143.74,4.88,-23.87,0.83,760.08,5.11,-13.23,4.4,283.34,-2.83,-17.27,1.64,44.41,2.85,-17.47,0.26,9.7,1.68,-27.5,0.06,47.37,9.3,10.81,0.27,49.24,3.4,-22.48,0.28,53.01,2.97,-11.83,0.31,0.92,1.1,9.52,0.01,37.31,2.7,-6.56,0.22,7.63,-7.96,-19.94,0.04,55.55,2.59,-26.98,0.32,118.79,-11.48,263.05,0.69,61.12,23.72,56.48,0.35,554.11,4.02,-23.68,3.21,9914.15,6.7,1.73,57.35,2905.99,4.51,3.83,16.81,68.17,3.02,-60.69,0.39,318.16,51.66,66.18,1.84,293.85,56.39,93.36,1.7,0.02,-33.33,-50.0,0.0,1.04,2.97,30.0,0.01,9.69,22.5,-61.64,0.06,11.14,4.9,56.68,0.06,2.42,5.22,-61.34,0.01,3188.31,6.55,13.41,18.44,2592.66,7.71,15.45,15.0,4.66,3.56,-14.5,0.03,157.57,-6.01,-31.39,0.91,433.43,4.9,31.16,2.51,35.69,0.11,-31.17,0.21,735.4,18.48,-5.96,4.25,655.22,20.06,-5.98,3.79,80.18,6.96,-5.79,0.46,920.49,4.41,-0.74,5.33,525.94,1.96,-6.16,3.04,3.54,2.02,4.42,0.02,375.59,2.0,32.44,2.17,231.85,1.16,-30.39,1.34,131.28,2.23,4.18,0.76,473.72,3.05,-32.59,2.74,17285.88,3.54,-0.37,192.34,-8.22,-14.09,17478.22,3.4,-0.54,1093.61,-11.77,-4.97,6.33,16192.27,4.77,-0.04,93.67
2022,Q3,2022Q3,5625.36,1.34,40.02,29.67,5200.73,1.33,44.63,27.43,302.9,1.56,7.4,1.6,48.07,2.19,-6.26,0.25,73.67,0.37,-16.57,0.39,3482.78,-8.0,3.83,18.37,1118.13,-21.31,-0.63,5.9,1073.9,-22.67,-1.8,5.66,0.31,-42.59,-93.54,0.0,2.41,36.16,91.27,0.01,41.52,39.61,62.76,0.22,1628.91,-1.91,8.95,8.59,2.32,-44.76,-17.73,0.01,190.85,4.14,32.77,1.01,794.84,-4.05,4.57,4.19,302.9,-3.98,6.9,1.6,50.31,2.19,13.29,0.27,12.21,-4.16,25.88,0.06,51.4,11.09,8.51,0.27,58.46,4.0,18.72,0.31,52.48,-3.94,-1.0,0.28,1.12,2.75,21.74,0.01,40.1,3.01,7.48,0.21,7.13,2.74,-6.55,0.04,64.79,2.55,16.63,0.34,71.18,-3.55,-40.08,0.38,35.21,3.89,-42.39,0.19,629.36,5.52,13.58,3.32,9851.81,7.01,-0.63,51.96,2909.77,5.08,0.13,15.35,135.68,6.77,99.03,0.72,254.93,41.6,-19.87,1.34,213.08,49.69,-27.49,1.12,0.02,-33.33,0.0,0.0,1.8,19.21,73.08,0.01,21.69,14.58,123.84,0.11,15.96,6.68,43.27,0.08,2.38,5.31,-1.65,0.01,2910.89,10.53,-8.7,15.35,2436.6,10.06,-6.02,12.85,4.88,11.93,4.72,0.03,208.15,22.41,32.1,1.1,261.26,6.58,-39.72,1.38,36.88,7.77,3.33,0.19,660.84,12.7,-10.14,3.49,594.68,12.03,-9.24,3.14,66.16,19.1,-17.49,0.35,1064.03,4.56,15.59,5.61,611.99,2.23,16.36,3.23,4.23,3.93,19.49,0.02,389.18,2.32,3.62,2.05,317.74,1.1,37.05,1.68,133.75,4.58,1.88,0.71,421.89,-2.67,-10.94,2.23,18959.95,2.25,9.68,334.06,10.3,73.68,19294.01,2.38,10.39,1073.9,-22.67,-1.8,5.66,17886.05,4.27,10.46,94.34
2022,Q4,2022Q4,5568.55,2.05,-1.01,26.46,5072.56,2.41,-2.46,24.1,344.31,-1.59,13.67,1.64,52.87,1.63,9.99,0.25,98.81,-3.02,34.13,0.47,3634.21,-0.94,4.35,17.27,990.44,-11.39,-11.42,4.71,913.55,-13.38,-14.93,4.34,1.48,-17.78,377.42,0.01,1.13,-2.59,-53.11,0.01,74.28,23.68,78.9,0.35,1768.54,2.83,8.57,8.4,4.41,-39.17,90.09,0.02,172.44,3.89,-9.65,0.82,871.8,4.95,9.68,4.14,357.19,-1.17,17.92,1.7,47.36,-2.11,-5.86,0.23,12.73,-1.24,4.26,0.06,47.13,7.06,-8.31,0.22,58.49,4.17,0.05,0.28,61.8,1.33,17.76,0.29,1.23,4.24,9.82,0.01,46.28,1.78,15.41,0.22,7.74,4.31,8.56,0.04,79.94,2.59,23.38,0.38,110.71,15.23,55.54,0.53,35.06,8.78,-0.43,0.17,729.46,3.8,15.91,3.47,11841.49,5.69,20.2,56.27,3329.16,4.54,14.41,15.82,167.05,5.12,23.12,0.79,338.28,0.78,32.7,1.61,291.97,-0.68,37.02,1.39,0.09,12.5,350.0,0.0,1.39,20.87,-22.78,0.01,22.9,17.98,5.58,0.11,16.93,3.8,6.08,0.08,4.99,5.27,109.66,0.02,3412.53,10.35,17.23,16.22,2851.37,11.24,17.02,13.55,5.19,4.43,6.35,0.02,201.14,4.56,-3.37,0.96,354.83,6.91,35.81,1.69,43.24,7.54,17.25,0.21,831.13,11.61,25.77,3.95,771.59,12.41,29.75,3.67,59.53,2.2,-10.02,0.28,1301.22,2.78,22.29,6.18,701.92,2.92,14.69,3.34,3.99,2.84,-5.67,0.02,446.76,1.43,14.8,2.12,438.46,1.23,37.99,2.08,138.94,4.2,3.88,0.66,688.81,0.06,63.27,3.27,21044.25,3.52,10.99,379.19,11.18,13.51,21423.44,3.64,11.04,913.55,-13.38,-14.93,4.34,20130.7,4.44,12.55,95.66
2023,Q1,2023Q1,3844.85,-0.9,-30.95,21.66,3457.23,1.93,-31.84,19.48,221.13,-30.57,-35.78,1.25,44.68,1.22,-15.49,0.25,121.8,-2.92,23.27,0.69,3735.98,0.31,2.8,21.05,1111.85,-3.96,12.26,6.26,1102.44,-4.21,20.68,6.21,1.63,1.24,10.14,0.01,7.42,52.36,556.64,0.04,0.36,0.0,-99.52,0.0,1797.29,1.61,1.63,10.13,1.06,-36.14,-75.96,0.01,191.78,1.57,11.22,1.08,910.12,3.9,4.4,5.13,329.87,-3.68,-7.65,1.86,55.23,2.64,16.62,0.31,13.59,1.57,6.76,0.08,45.41,6.22,-3.65,0.26,65.06,2.42,11.23,0.37,60.73,1.01,-1.73,0.34,0.83,-1.19,-32.52,0.0,39.75,-0.45,-14.11,0.22,10.04,5.35,29.72,0.06,73.81,-2.97,-7.67,0.42,35.83,9.5,-67.64,0.2,41.23,5.56,17.6,0.23,749.76,3.27,2.78,4.22,10169.24,4.35,-14.12,57.29,2835.34,1.31,-14.83,15.97,179.63,3.59,7.53,1.01,209.38,9.37,-38.1,1.18,164.16,8.02,-43.78,0.92,0.02,-50.0,-77.78,0.0,0.95,18.75,-31.65,0.01,30.17,19.44,31.75,0.17,7.66,7.74,-54.75,0.04,6.41,2.4,28.46,0.04,3101.31,10.32,-9.12,17.47,2508.61,11.71,-12.02,14.13,5.58,2.39,7.51,0.03,235.83,2.68,17.25,1.33,351.28,6.3,-1.0,1.98,54.69,5.48,26.48,0.31,949.11,21.37,14.2,5.35,870.82,24.96,12.86,4.91,78.3,-8.0,31.53,0.44,943.07,1.7,-27.52,5.31,577.74,3.08,-17.69,3.25,3.23,-4.72,-19.05,0.02,289.34,2.03,-35.24,1.63,335.47,0.72,-23.49,1.89,129.11,2.46,-7.07,0.73,561.82,-20.05,-18.44,3.17,17750.06,2.31,-15.65,244.22,9.08,-35.59,17994.28,2.4,-16.01,1102.44,-4.21,20.68,6.21,16647.62,2.77,-17.3,93.79
2023,Q2,2023Q2,4077.72,1.5,6.06,23.01,3661.39,1.82,5.91,20.66,275.52,-2.3,24.6,1.55,52.24,1.87,16.92,0.29,88.56,0.29,-27.29,0.5,3289.15,-1.94,-11.96,18.56,988.36,-12.16,-11.11,5.58,946.74,-13.43,-14.12,5.34,4.04,-15.83,147.85,0.02,2.08,65.08,-71.97,0.01,35.5,39.16,9761.11,0.2,1528.01,2.2,-14.98,8.62,1.82,-35.46,71.7,0.01,148.54,3.34,-22.55,0.84,792.98,4.33,-12.87,4.48,270.93,-4.38,-17.87,1.53,45.46,2.36,-17.69,0.26,9.84,1.44,-27.59,0.06,50.4,6.4,10.99,0.28,50.3,2.15,-22.69,0.28,54.42,2.66,-10.39,0.31,0.93,1.09,12.05,0.01,38.18,2.33,-3.95,0.22,7.33,-3.93,-26.99,0.04,56.86,2.36,-22.96,0.32,126.04,6.1,251.77,0.71,73.69,20.57,78.73,0.42,573.06,3.42,-23.57,3.23,10352.47,4.42,1.8,58.42,2976.15,2.41,4.97,16.8,70.48,3.39,-60.76,0.4,157.03,-50.64,-25.0,0.89,131.81,-55.14,-19.71,0.74,0.02,0.0,0.0,0.0,1.1,5.77,15.79,0.01,10.11,4.33,-66.49,0.06,11.52,3.41,50.39,0.07,2.47,2.07,-61.47,0.01,3462.42,8.6,11.64,19.54,2845.09,9.74,13.41,16.06,4.78,2.58,-14.34,0.03,154.43,-1.99,-34.52,0.87,458.12,5.7,30.41,2.59,36.6,2.55,-33.08,0.21,932.82,26.85,-1.72,5.26,846.77,29.23,-2.76,4.78,86.04,7.31,9.89,0.49,937.72,1.87,-0.57,5.29,541.13,2.89,-6.34,3.05,3.61,1.98,11.76,0.02,383.79,2.18,32.64,2.17,235.13,1.41,-29.91,1.33,133.84,1.95,3.66,0.76,481.73,1.69,-14.26,2.72,17719.34,2.51,-0.17,221.72,15.28,-9.21,17941.05,2.65,-0.3,946.74,-13.43,-14.12,5.34,16772.6,3.58,0.75,94.66
2023,Q3,2023Q3,5698.27,1.3,39.74,29.31,5270.72,1.35,43.95,27.11,306.48,1.18,11.24,1.58,49.13,2.21,-5.95,0.25,71.95,-2.33,-18.76,0.37,3498.69,0.46,6.37,18.0,1096.17,-1.96,10.91,5.64,1064.78,-0.85,12.47,5.48,0.49,58.06,-87.87,0.0,4.08,69.29,96.15,0.02,26.83,-35.38,-24.42,0.14,1636.75,0.48,7.12,8.42,1.46,-37.07,-19.78,0.01,198.87,4.2,33.88,1.02,802.11,0.91,1.15,4.13,294.58,-2.75,8.73,1.52,51.45,2.27,13.18,0.26,11.75,-3.77,19.41,0.06,54.88,6.77,8.89,0.28,59.75,2.21,18.79,0.31,50.27,-4.21,-7.63,0.26,1.15,2.68,23.66,0.01,39.71,-0.97,4.01,0.2,7.34,2.95,0.14,0.04,63.42,-2.11,11.54,0.33,72.53,1.9,-42.45,0.37,39.41,11.93,-46.52,0.2,653.83,3.89,14.09,3.36,10245.32,3.99,-1.04,52.7,2954.18,1.53,-0.74,15.19,140.52,3.57,99.38,0.72,163.54,-35.85,4.15,0.84,120.06,-43.65,-8.91,0.62,0.03,50.0,50.0,0.0,1.93,7.22,75.45,0.01,22.6,4.2,123.54,0.12,16.58,3.88,43.92,0.09,2.34,-1.68,-5.26,0.01,3105.77,6.69,-10.3,15.97,2625.13,7.74,-7.73,13.5,5.03,3.07,5.23,0.03,206.04,-1.01,33.42,1.06,269.56,3.18,-41.16,1.39,38.52,4.45,5.25,0.2,847.28,28.21,-9.17,4.36,771.06,29.66,-8.94,3.97,76.22,15.21,-11.41,0.39,1084.24,1.9,15.63,5.58,625.17,2.15,15.53,3.22,4.35,2.84,20.5,0.02,397.17,2.05,3.49,2.04,322.35,1.45,37.09,1.66,137.67,2.93,2.86,0.71,424.56,0.63,-11.87,2.18,19442.28,2.54,9.72,447.37,33.92,101.77,19889.65,3.09,10.86,1064.78,-0.85,12.47,5.48,18377.5,2.75,9.57,94.52
2023,Q4,2023Q4,5685.66,2.1,-0.22,26.11,5196.08,2.44,-1.42,23.86,337.11,-2.09,9.99,1.55,53.77,1.7,9.44,0.25,98.7,-0.11,37.18,0.45,3774.65,3.86,7.89,17.34,1070.12,8.04,-2.38,4.91,1024.21,12.11,-3.81,4.7,1.09,-26.35,122.45,0.01,0.94,-16.81,-76.96,0.0,43.88,-40.93,63.55,0.2,1792.91,1.38,9.54,8.23,2.85,-35.37,95.21,0.01,178.06,3.26,-10.46,0.82,897.36,2.93,11.87,4.12,351.18,-1.68,19.21,1.61,46.48,-1.86,-9.66,0.21,12.58,-1.18,7.06,0.06,50.03,6.15,-8.84,0.23,57.84,-1.11,-3.2,0.27,62.38,0.94,24.09,0.29,1.27,3.25,10.43,0.01,45.76,-1.12,15.24,0.21,8.12,4.91,10.63,0.04,79.0,-1.18,24.57,0.36,117.54,6.17,62.06,0.54,37.67,7.44,-4.42,0.17,756.41,3.69,15.69,3.47,12312.96,3.98,20.18,56.55,3375.71,1.4,14.27,15.5,172.52,3.27,22.77,0.79,240.17,-29.0,46.86,1.1,193.41,-33.76,61.09,0.89,0.1,11.11,233.33,0.0,1.48,6.47,-23.32,0.01,22.52,-1.66,-0.35,0.1,17.51,3.43,5.61,0.08,5.14,3.01,119.66,0.02,3628.5,6.33,16.83,16.66,3049.04,6.93,16.15,14.0,5.39,3.85,7.16,0.02,208.7,3.76,1.29,0.96,365.37,2.97,35.54,1.68,45.02,4.12,16.87,0.21,1078.6,29.78,27.3,4.95,1014.15,31.44,31.53,4.66,64.46,8.28,-15.43,0.3,1318.61,1.34,21.62,6.06,714.5,1.79,14.29,3.28,4.05,1.5,-6.9,0.02,456.51,2.18,14.94,2.1,445.46,1.6,38.19,2.05,144.13,3.74,4.69,0.66,689.17,0.05,62.33,3.17,21773.26,3.46,11.99,337.85,-10.9,-24.48,22111.12,3.21,11.17,1024.21,12.11,-3.81,4.7,20749.05,3.07,12.9,95.3
2024,Q1,2024Q1,3851.89,0.18,-32.25,21.07,3516.32,1.71,-32.33,19.24,169.62,-23.29,-49.68,0.93,45.9,2.73,-14.64,0.25,120.04,-1.44,21.62,0.66,3817.77,2.19,1.14,20.89,1181.94,6.3,10.45,6.47,1165.28,5.7,13.77,6.38,0.6,-63.19,-44.95,0.0,15.91,114.42,1592.55,0.09,0.14,-61.11,-99.68,0.0,1824.14,1.49,1.74,9.98,0.71,-33.02,-75.09,0.0,195.72,2.05,9.92,1.07,934.0,2.62,4.08,5.11,324.09,-1.75,-7.71,1.77,56.3,1.94,21.13,0.31,13.85,1.91,10.1,0.08,46.57,2.55,-6.92,0.25,66.57,2.32,15.09,0.36,61.68,1.56,-1.12,0.34,0.83,0.0,-34.65,0.0,39.97,0.55,-12.65,0.22,10.5,4.58,29.31,0.06,73.35,-0.62,-7.15,0.4,33.89,-5.41,-71.17,0.19,44.1,6.96,17.07,0.24,733.71,-2.14,-3.0,4.01,10608.55,4.32,-13.84,58.04,2870.16,1.23,-14.98,15.7,184.67,2.81,7.04,1.01,216.34,3.32,-9.92,1.18,173.32,5.58,-10.39,0.95,0.03,50.0,-70.0,0.0,0.99,4.21,-33.11,0.01,27.31,-9.48,21.27,0.15,8.12,6.01,-53.63,0.04,6.56,2.34,27.63,0.04,3269.6,5.43,-9.89,17.89,2664.8,6.23,-12.6,14.58,5.66,1.43,5.01,0.03,239.96,1.75,14.98,1.31,359.17,2.25,-1.7,1.97,57.11,4.42,26.85,0.31,1245.6,31.24,15.48,6.81,1160.78,33.3,14.46,6.35,84.82,8.33,31.59,0.46,950.98,0.84,-27.88,5.2,583.58,1.01,-18.32,3.19,3.18,-1.55,-21.48,0.02,295.4,2.09,-35.29,1.62,340.9,1.62,-23.47,1.87,131.85,2.12,-8.52,0.72,459.18,-18.27,-33.37,2.51,18278.21,2.98,-16.05,218.96,-10.34,-35.19,18497.17,2.79,-16.34,1165.28,5.7,13.77,6.38,17112.93,2.8,-17.52,93.62
2024,Q2,2024Q2,4135.13,1.41,7.35,22.61,3721.73,1.65,5.84,20.35,270.82,-1.71,59.66,1.48,53.69,2.78,16.97,0.29,88.89,0.37,-25.95,0.49,3405.19,3.53,-10.81,18.62,1065.33,7.79,-9.87,5.83,1042.81,10.15,-10.51,5.7,1.95,-51.73,225.0,0.01,3.29,58.17,-79.32,0.02,17.28,-51.32,12242.86,0.09,1547.53,1.28,-15.16,8.46,1.17,-35.71,64.79,0.01,151.12,1.74,-22.79,0.83,811.14,2.29,-13.15,4.44,265.62,-1.96,-18.04,1.45,46.49,2.27,-17.42,0.25,9.97,1.32,-28.01,0.05,51.59,2.36,10.78,0.28,51.09,1.57,-23.25,0.28,55.1,1.25,-10.67,0.3,0.94,1.08,13.25,0.01,38.59,1.07,-3.45,0.21,7.16,-2.32,-31.81,0.04,57.53,1.18,-21.57,0.31,133.55,5.96,294.07,0.73,79.73,8.2,80.79,0.44,579.05,1.05,-21.08,3.17,10744.7,3.79,1.28,58.76,2997.0,0.7,4.42,16.39,71.98,2.13,-61.02,0.39,135.79,-13.53,-37.23,0.74,110.88,-15.88,-36.03,0.61,0.04,100.0,33.33,0.0,1.46,32.73,47.47,0.01,8.98,-11.18,-67.12,0.05,11.91,3.39,46.67,0.07,2.51,1.62,-61.74,0.01,3616.09,4.44,10.6,19.78,2992.11,5.17,12.28,16.36,4.75,-0.63,-16.08,0.03,154.15,-0.18,-35.76,0.84,465.09,1.52,29.49,2.54,37.25,1.78,-34.77,0.2,1201.41,28.79,-3.55,6.57,1103.92,30.37,-4.9,6.04,97.49,13.31,14.94,0.53,944.8,0.76,-0.65,5.17,548.37,1.34,-6.03,3.0,3.66,1.39,15.09,0.02,390.87,1.84,32.32,2.14,239.65,1.92,-29.7,1.31,137.07,2.41,3.96,0.75,420.76,-12.66,-8.37,2.3,18285.02,3.19,0.04,195.65,-11.76,-10.65,18480.67,3.01,-0.09,1042.81,10.15,-10.51,5.7,17242.21,2.8,0.76,94.3
2024,Q3,2024Q3,5763.39,1.14,39.38,28.65,5332.95,1.18,43.29,26.51,309.63,1.03,14.33,1.54,50.23,2.24,-6.44,0.25,70.57,-1.92,-20.61,0.35,3574.86,2.18,4.98,17.77,1131.97,3.27,6.26,5.63,1119.84,5.17,7.39,5.57,0.18,-63.27,-90.77,0.0,4.97,21.81,51.06,0.02,6.98,-73.98,-59.61,0.03,1651.87,0.92,6.74,8.21,0.99,-32.19,-15.38,0.0,203.45,2.3,34.63,1.01,816.27,1.77,0.63,4.06,288.99,-1.9,8.8,1.44,52.57,2.18,13.08,0.26,11.5,-2.13,15.35,0.06,57.06,3.97,10.6,0.28,60.8,1.76,19.01,0.3,48.38,-3.76,-12.2,0.24,1.18,2.61,25.53,0.01,39.15,-1.41,1.45,0.19,7.45,1.5,4.05,0.04,64.1,1.07,11.42,0.32,74.87,3.23,-43.94,0.37,43.26,9.77,-45.74,0.22,672.89,2.92,16.21,3.35,10777.52,5.19,0.31,53.58,2973.29,0.65,-0.79,14.78,146.75,4.43,103.88,0.73,183.4,12.14,35.06,0.91,141.57,17.92,27.68,0.7,0.03,0.0,-25.0,0.0,2.06,6.74,41.1,0.01,20.36,-9.91,126.73,0.1,17.02,2.65,42.91,0.08,2.36,0.85,-5.98,0.01,3289.76,5.92,-9.02,16.35,2803.15,6.78,-6.32,13.94,5.12,1.79,7.79,0.03,205.69,-0.17,33.43,1.02,275.8,2.31,-40.7,1.37,40.35,4.75,8.32,0.2,1108.52,30.83,-7.73,5.51,1017.2,31.92,-7.86,5.06,91.32,19.81,-6.33,0.45,1091.66,0.68,15.54,5.43,633.66,1.36,15.55,3.15,4.45,2.3,21.58,0.02,407.23,2.53,4.19,2.02,329.72,2.29,37.58,1.64,142.15,3.25,3.71,0.71,426.57,0.47,1.38,2.12,20115.77,3.46,10.01,394.72,-11.77,101.75,20510.48,3.12,10.98,1119.84,5.17,7.39,5.57,18995.93,3.37,10.17,94.43
