symbol,call,rationale,logged_date,price_at_logging,price_date,fwd_30d_price,fwd_30d_return_pct,fwd_30d_date,call_correct_30d,fwd_60d_price,fwd_60d_return_pct,fwd_60d_date,call_correct_60d,fwd_90d_price,fwd_90d_return_pct,fwd_90d_date,call_correct_90d,fwd_120d_price,fwd_120d_return_pct,fwd_120d_date,call_correct_120d,vwap_at_logging,vwap_baseline_date,fwd_30d_vwap,fwd_30d_vwap_return_pct,call_correct_vwap_30d,fwd_60d_vwap,fwd_60d_vwap_return_pct,call_correct_vwap_60d,fwd_90d_vwap,fwd_90d_vwap_return_pct,call_correct_vwap_90d,fwd_120d_vwap,fwd_120d_vwap_return_pct,call_correct_vwap_120d
UCAP,Buy,"586-filing insider history + PBT +79.6%, cheap in range",2026-09-30,17,2026-09-30,,,,,,,,,,,,,,,,,17.0538,2026-09-30,,,,,,,,,,,,
NGXGROUP,Buy,"Strongest earnings growth, +170.3% PBT, but extended vs MA50",2026-09-30,181,2026-09-30,,,,,,,,,,,,,,,,,178.3263,2026-09-30,,,,,,,,,,,,
CUSTODIAN,Buy,MD bought 19.5M units + PBT +41.5%,2026-09-30,70,2026-09-30,,,,,,,,,,,,,,,,,67.7084,2026-09-30,,,,,,,,,,,,
BUAFOODS,Buy,"Real margin expansion; frozen price, liquidity trap",2026-09-30,760.6,2026-09-30,,,,,,,,,,,,,,,,,696.5348,2026-09-30,,,,,,,,,,,,
SEPLAT,Buy,"Real capital-return catalyst, live strength",2026-09-30,16000.1,2026-09-30,,,,,,,,,,,,,,,,,15448.8458,2026-09-30,,,,,,,,,,,,
UPDCREIT,Buy,Confirmed +42.9%/+56.5% growth; extended vs MA50,2026-09-30,20.65,2026-09-30,,,,,,,,,,,,,,,,,20.8754,2026-09-30,,,,,,,,,,,,
MAYBAKER,Buy,"PBT +50.8%, unexplained dip already checked clean",2026-09-30,39.2,2026-09-30,,,,,,,,,,,,,,,,,38.4006,2026-09-30,,,,,,,,,,,,
CWG,Buy-lean,Real NED insider purchase Sept 23-24,2026-09-30,,,,,,,,,,,,,,,,,,,19.9552,2026-09-30,,,,,,,,,,,,
AIICO,Buy,PBT +20.6%,2026-09-30,3.8,2026-09-30,,,,,,,,,,,,,,,,,3.8202,2026-09-30,,,,,,,,,,,,
TIP,Buy,"PBT +119.6%, tempered by 2 real loss years",2026-09-30,27.2,2026-09-30,,,,,,,,,,,,,,,,,27.4214,2026-09-30,,,,,,,,,,,,
FIDSON,Buy,PBT +30.1%,2026-09-30,85,2026-09-30,,,,,,,,,,,,,,,,,88.726,2026-09-30,,,,,,,,,,,,
ETERNA,Buy,"PBT +388%, but +24.5% extended, don't chase here",2026-09-30,44,2026-09-30,,,,,,,,,,,,,,,,,41.9723,2026-09-30,,,,,,,,,,,,
DANGSUGAR,Buy,"Recovery thesis, real turnaround after 3 loss years",2026-09-30,68,2026-09-30,,,,,,,,,,,,,,,,,68.6452,2026-09-30,,,,,,,,,,,,
NASCON,Buy,Real earnings growth +115%,2026-09-30,160,2026-09-11,,,,,,,,,,,,,,,,,184.6158,2026-09-30,,,,,,,,,,,,
PZ,"Hold, lean Buy",Real turnaround but one-time-gain inflated,2026-09-30,73.7,2026-09-30,,,,,,,,,,,,,,,,,73.8373,2026-09-30,,,,,,,,,,,,
GTCO,Hold,"Real -19% 2yr decline, confirmed clean of red flags",2026-09-30,132,2026-09-30,,,,,,,,,,,,,,,,,133.1917,2026-09-30,,,,,,,,,,,,
UBA,Hold,"Real -56% decline, confirmed clean, same as sector delay pattern",2026-09-30,45.45,2026-09-30,,,,,,,,,,,,,,,,,45.7077,2026-09-30,,,,,,,,,,,,
ETI,Hold,"Real decline, disclosed as FX effect",2026-09-30,68,2026-09-30,,,,,,,,,,,,,,,,,68.298,2026-09-30,,,,,,,,,,,,
WAPIC,Hold,"Real -24% decline, no red flag, skipped FY2025 dividend",2026-09-30,2.36,2026-09-30,,,,,,,,,,,,,,,,,2.3696,2026-09-30,,,,,,,,,,,,
FIRSTHOLDCO,Hold,Real -45% decline undercuts insider-accumulation thesis,2026-09-30,159.9,2026-09-30,,,,,,,,,,,,,,,,,154.2024,2026-09-30,,,,,,,,,,,,
STANBIC,Hold,Same filing-delay pattern as UBA/Access,2026-09-30,163,2026-09-30,,,,,,,,,,,,,,,,,161.4948,2026-09-30,,,,,,,,,,,,
ACCESSCORP,Hold,Same filing-delay pattern; Eurobond redeemed cleanly,2026-09-30,30.4,2026-09-30,,,,,,,,,,,,,,,,,30.6223,2026-09-30,,,,,,,,,,,,
MTNN,"Hold, lean Buy",Real 2023-24 crisis confirmed; IHS deal real de-risking,2026-09-30,837,2026-09-30,,,,,,,,,,,,,,,,,841.5856,2026-09-30,,,,,,,,,,,,
ZENITHBANK,Hold,"No major flag, near highs",2026-09-30,134,2026-09-30,,,,,,,,,,,,,,,,,134.079,2026-09-30,,,,,,,,,,,,
ARADEL,Hold,"Debt +12,183%; insider sales below current price",2026-09-30,1530,2026-09-30,,,,,,,,,,,,,,,,,1410.5254,2026-09-30,,,,,,,,,,,,
UACN,Hold,"Real DP World Logistics divestment pending, unpriced",2026-09-30,181,2026-09-30,,,,,,,,,,,,,,,,,177.8426,2026-09-30,,,,,,,,,,,,
NEM,Hold,No major flag either way,2026-09-30,28.7,2026-09-30,,,,,,,,,,,,,,,,,28.7677,2026-09-30,,,,,,,,,,,,
UNILEVER,Hold,"Real unexplained decline, no red flag",2026-09-30,104.9,2026-09-30,,,,,,,,,,,,,,,,,104.8149,2026-09-30,,,,,,,,,,,,
BUACEMENT,"Hold, lean Trim",Debt +219%; standing analyst-target concern,2026-09-30,297,2026-09-30,,,,,,,,,,,,,,,,,287.11,2026-09-30,,,,,,,,,,,,
CONHALLPLC,Hold,Earnings surge investment-gain-driven,2026-09-30,7.12,2026-09-30,,,,,,,,,,,,,,,,,7.2766,2026-09-30,,,,,,,,,,,,
TRANSCORP,Hold,Insider buy on this ticker already tested and failed,2026-09-30,37,2026-09-30,,,,,,,,,,,,,,,,,36.5785,2026-09-30,,,,,,,,,,,,
DANGCEM,Hold,"Real balance-sheet strengthening, no red flag",2026-09-30,1066.7,2026-09-30,,,,,,,,,,,,,,,,,1062.0845,2026-09-30,,,,,,,,,,,,
PRESCO,Hold,"Litigation resolved, zero bid liquidity 4+ sessions",2026-09-30,2045.3,2026-09-30,,,,,,,,,,,,,,,,,1840.8,2026-09-30,,,,,,,,,,,,
OKOMUOIL,Hold,"Structural liquidity failure, worsening",2026-09-30,1276.2,2026-09-30,,,,,,,,,,,,,,,,,1148.6,2026-09-30,,,,,,,,,,,,
NAHCO,Hold,"Two EDs sold, no other flag",2026-09-30,150,2026-09-30,,,,,,,,,,,,,,,,,146.9758,2026-09-30,,,,,,,,,,,,
NPFMCRFBK,Hold,"Thin data, never deeply vetted",2026-09-30,4.4,2026-09-30,,,,,,,,,,,,,,,,,4.4734,2026-09-30,,,,,,,,,,,,
BETAGLAS,"Hold, lean Sell","PBT -11.3%, exited a takeover offer",2026-09-30,511.5,2026-09-30,,,,,,,,,,,,,,,,,471.952,2026-09-30,,,,,,,,,,,,
MBENEFIT,Trim,"PBT -15.7%, ambiguous insider cluster",2026-09-30,3.13,2026-09-30,,,,,,,,,,,,,,,,,3.1386,2026-09-30,,,,,,,,,,,,
INTBREW,Hold,"4 of 5 years were losses, offsets return-of-capital",2026-09-30,9.55,2026-09-30,,,,,,,,,,,,,,,,,9.6745,2026-09-30,,,,,,,,,,,,
LEARNAFRCA,Sell/Trim,Sustained real insider selling,2026-09-30,7.65,2026-09-30,,,,,,,,,,,,,,,,,7.9146,2026-09-30,,,,,,,,,,,,
CUTIX,Sell/Trim,Auditor resigned + swing to loss,2026-09-30,2.3,2026-09-30,,,,,,,,,,,,,,,,,2.3256,2026-09-30,,,,,,,,,,,,
CHAMS,Sell,"Escalating insider selling, 3+ instances",2026-09-30,3.19,2026-09-30,,,,,,,,,,,,,,,,,3.1274,2026-09-30,,,,,,,,,,,,
ROYALEX,Avoid,4 of 5 years were losses,2026-09-30,1.15,2026-09-30,,,,,,,,,,,,,,,,,1.1268,2026-09-30,,,,,,,,,,,,
TANTALIZER,Avoid,4 of 5 years were losses,2026-09-30,3.9,2026-09-30,,,,,,,,,,,,,,,,,3.8714,2026-09-30,,,,,,,,,,,,
OANDO,Avoid,Negative equity every one of 6 periods checked,2026-09-30,35,2026-09-30,,,,,,,,,,,,,,,,,34.1898,2026-09-30,,,,,,,,,,,,
UCAP,Buy,"586-filing insider history + PBT +79.6%, cheap in range",2026-10-01,17,2026-09-30,,,,,,,,,,,,,,,,,17.0538,2026-09-30,,,,,,,,,,,,
NGXGROUP,Buy,"Strongest earnings growth, +170.3% PBT, but extended vs MA50",2026-10-01,181,2026-09-30,,,,,,,,,,,,,,,,,178.3263,2026-09-30,,,,,,,,,,,,
CUSTODIAN,Buy,MD bought 19.5M units + PBT +41.5%,2026-10-01,70,2026-09-30,,,,,,,,,,,,,,,,,67.7084,2026-09-30,,,,,,,,,,,,
BUAFOODS,Buy,"Real margin expansion; frozen price, liquidity trap",2026-10-01,760.6,2026-09-30,,,,,,,,,,,,,,,,,696.5348,2026-09-30,,,,,,,,,,,,
SEPLAT,Buy,"REFINED: real capital-return catalyst + Elumelu bought 6M shares Sept 30, but DURING closed period (started Sept 29) - real compliance flag alongside real conviction",2026-10-01,16000.1,2026-09-30,,,,,,,,,,,,,,,,,15448.8458,2026-09-30,,,,,,,,,,,,
UPDCREIT,Buy,Confirmed +42.9%/+56.5% growth; extended vs MA50,2026-10-01,20.65,2026-09-30,,,,,,,,,,,,,,,,,20.8754,2026-09-30,,,,,,,,,,,,
MAYBAKER,Buy,"PBT +50.8%, unexplained dip already checked clean",2026-10-01,39.2,2026-09-30,,,,,,,,,,,,,,,,,38.4006,2026-09-30,,,,,,,,,,,,
CWG,Buy-lean,"Real NED insider purchase Sept 23-24, confirmed again Sept 30 pull",2026-10-01,20.75,2026-09-30,,,,,,,,,,,,,,,,,19.9552,2026-09-30,,,,,,,,,,,,
AIICO,Buy,PBT +20.6%,2026-10-01,3.8,2026-09-30,,,,,,,,,,,,,,,,,3.8202,2026-09-30,,,,,,,,,,,,
TIP,Buy,"PBT +119.6%, tempered by 2 real loss years",2026-10-01,27.2,2026-09-30,,,,,,,,,,,,,,,,,27.4214,2026-09-30,,,,,,,,,,,,
FIDSON,Buy,PBT +30.1%,2026-10-01,85,2026-09-30,,,,,,,,,,,,,,,,,88.726,2026-09-30,,,,,,,,,,,,
ETERNA,Buy,"PBT +388%, but extended, don't chase here",2026-10-01,44,2026-09-30,,,,,,,,,,,,,,,,,41.9723,2026-09-30,,,,,,,,,,,,
DANGSUGAR,Buy,"Recovery thesis, real turnaround after 3 loss years",2026-10-01,68,2026-09-30,,,,,,,,,,,,,,,,,68.6452,2026-09-30,,,,,,,,,,,,
NASCON,Buy,Real earnings growth +115%,2026-10-01,160,2026-09-11,,,,,,,,,,,,,,,,,184.6158,2026-09-30,,,,,,,,,,,,
PZ,Hold,"REFINED: Q1 FY27 headline PAT -65.6% is a base-effect illusion (prior year had one-off gains); underlying PBT ex-one-offs actually +48%. BUT real new concern: operating cash flow -N4.3bn, borrowed N2bn from related party. Downgraded from lean-Buy on the cash flow/liquidity signal, not the headline",2026-10-01,73.7,2026-09-30,,,,,,,,,,,,,,,,,73.8373,2026-09-30,,,,,,,,,,,,
GTCO,"Hold, lean Sell","REFINED, DOWNGRADED: H1 2026 audited PAT -7.8%, EPS -17.7% (dilution). Real new disclosed cause: litigation provision doubled to N20.8bn, CBN fined N150m (FX exam + loan book exam). The confirmed-clean verdict from Sept 30 is reversed",2026-10-01,132,2026-09-30,,,,,,,,,,,,,,,,,133.1917,2026-09-30,,,,,,,,,,,,
UBA,Hold,"Real -56% decline, confirmed clean, same as sector delay pattern",2026-10-01,45.45,2026-09-30,,,,,,,,,,,,,,,,,45.7077,2026-09-30,,,,,,,,,,,,
ETI,Hold,"Real decline, disclosed as FX effect",2026-10-01,68,2026-09-30,,,,,,,,,,,,,,,,,68.298,2026-09-30,,,,,,,,,,,,
WAPIC,Hold,"Real -24% decline, no red flag, skipped FY2025 dividend",2026-10-01,2.36,2026-09-30,,,,,,,,,,,,,,,,,2.3696,2026-09-30,,,,,,,,,,,,
FIRSTHOLDCO,Hold,Real -45% decline undercuts insider-accumulation thesis,2026-10-01,159.9,2026-09-30,,,,,,,,,,,,,,,,,154.2024,2026-09-30,,,,,,,,,,,,
STANBIC,Hold,"REFINED, DOWNGRADED from lean-Buy: H1 PAT +38.2% headline, but core net interest income FELL 14% - entire beat came from trading revenue (N126.4bn vs a N0.9bn LOSS prior year). Real dividend hike to N4.50 (+80%) is genuine, but earnings quality is poor",2026-10-01,163,2026-09-30,,,,,,,,,,,,,,,,,161.4948,2026-09-30,,,,,,,,,,,,
ACCESSCORP,Hold,Same filing-delay pattern; Eurobond redeemed cleanly,2026-10-01,30.4,2026-09-30,,,,,,,,,,,,,,,,,30.6223,2026-09-30,,,,,,,,,,,,
MTNN,"Hold, lean Buy",Real 2023-24 crisis confirmed; IHS deal real de-risking,2026-10-01,837,2026-09-30,,,,,,,,,,,,,,,,,841.5856,2026-09-30,,,,,,,,,,,,
ZENITHBANK,Hold,"No major flag, near highs",2026-10-01,134,2026-09-30,,,,,,,,,,,,,,,,,134.079,2026-09-30,,,,,,,,,,,,
ARADEL,Hold,"Debt +12,183%; insider sales below current price",2026-10-01,1530,2026-09-30,,,,,,,,,,,,,,,,,1410.5254,2026-09-30,,,,,,,,,,,,
UACN,"Hold, lean Buy","REFINED, UPGRADED: real Livestock Feeds divestment confirmed priced - N19.5bn cash for 73.29% stake (N8.85/share), regulatory approval pending",2026-10-01,181,2026-09-30,,,,,,,,,,,,,,,,,177.8426,2026-09-30,,,,,,,,,,,,
NEM,Hold,No major flag either way,2026-10-01,28.7,2026-09-30,,,,,,,,,,,,,,,,,28.7677,2026-09-30,,,,,,,,,,,,
UNILEVER,Hold,"Real unexplained decline, no red flag",2026-10-01,104.9,2026-09-30,,,,,,,,,,,,,,,,,104.8149,2026-09-30,,,,,,,,,,,,
BUACEMENT,"Hold, lean Trim",Debt +219%; standing analyst-target concern,2026-10-01,297,2026-09-30,,,,,,,,,,,,,,,,,287.11,2026-09-30,,,,,,,,,,,,
CONHALLPLC,Hold,Earnings surge investment-gain-driven; NED bought 50M shares but disclosed 6 weeks late,2026-10-01,7.12,2026-09-30,,,,,,,,,,,,,,,,,7.2766,2026-09-30,,,,,,,,,,,,
TRANSCORP,Hold,Insider buy on this ticker already tested and failed,2026-10-01,37,2026-09-30,,,,,,,,,,,,,,,,,36.5785,2026-09-30,,,,,,,,,,,,
DANGCEM,Hold,"Real balance-sheet strengthening, no red flag",2026-10-01,1066.7,2026-09-30,,,,,,,,,,,,,,,,,1062.0845,2026-09-30,,,,,,,,,,,,
PRESCO,Hold,"Litigation resolved, zero bid liquidity, now multi-week confirmed",2026-10-01,2045.3,2026-09-30,,,,,,,,,,,,,,,,,1840.8,2026-09-30,,,,,,,,,,,,
OKOMUOIL,Hold,"Structural liquidity failure, confirmed persistent",2026-10-01,1276.2,2026-09-30,,,,,,,,,,,,,,,,,1148.6,2026-09-30,,,,,,,,,,,,
NAHCO,Hold,"NED bought 248,879 shares Sept 29 - small, real, not decisive",2026-10-01,150,2026-09-30,,,,,,,,,,,,,,,,,146.9758,2026-09-30,,,,,,,,,,,,
NPFMCRFBK,Hold,"Thin data, never deeply vetted",2026-10-01,4.4,2026-09-30,,,,,,,,,,,,,,,,,4.4734,2026-09-30,,,,,,,,,,,,
BETAGLAS,"Hold, lean Sell","PBT -11.3%, exited a takeover offer",2026-10-01,511.5,2026-09-30,,,,,,,,,,,,,,,,,471.952,2026-09-30,,,,,,,,,,,,
MBENEFIT,Trim,"PBT -15.7%, ambiguous insider cluster",2026-10-01,3.13,2026-09-30,,,,,,,,,,,,,,,,,3.1386,2026-09-30,,,,,,,,,,,,
INTBREW,Hold,"4 of 5 years were losses, offsets return-of-capital",2026-10-01,9.55,2026-09-30,,,,,,,,,,,,,,,,,9.6745,2026-09-30,,,,,,,,,,,,
LEARNAFRCA,Sell/Trim,Sustained real insider selling,2026-10-01,7.65,2026-09-30,,,,,,,,,,,,,,,,,7.9146,2026-09-30,,,,,,,,,,,,
CUTIX,Sell/Trim,Auditor resigned + swing to loss,2026-10-01,2.3,2026-09-30,,,,,,,,,,,,,,,,,2.3256,2026-09-30,,,,,,,,,,,,
CHAMS,Sell,"REFINED: confirmed again, net seller 65.7M shares Sept 22-23, escalating pattern continues",2026-10-01,3.19,2026-09-30,,,,,,,,,,,,,,,,,3.1274,2026-09-30,,,,,,,,,,,,
ROYALEX,Avoid,4 of 5 years were losses,2026-10-01,1.15,2026-09-30,,,,,,,,,,,,,,,,,1.1268,2026-09-30,,,,,,,,,,,,
TANTALIZER,Avoid,4 of 5 years were losses,2026-10-01,3.9,2026-09-30,,,,,,,,,,,,,,,,,3.8714,2026-09-30,,,,,,,,,,,,
OANDO,Avoid,Negative equity every one of 6 periods checked,2026-10-01,35,2026-09-30,,,,,,,,,,,,,,,,,34.1898,2026-09-30,,,,,,,,,,,,
UCAP,Buy,"Strongest insider and PBT (+79.6%) combination; VWAP 17.59 on Oct 5; deep, executable book",2026-10-05,,,,,,,,,,,,,,,,,,,17.5906,2026-10-05,,,,,,,,,,,,
NGXGROUP,Buy,PBT +170.3%; fell 8.9% on the week (185.00 to 168.60) with no filing; earnings thesis unchanged,2026-10-05,,,,,,,,,,,,,,,,,,,169.5963,2026-10-05,,,,,,,,,,,,
CUSTODIAN,Buy,"MD bought 19.5M units, PBT +41.5%; spread about 4%, use limit orders",2026-10-05,,,,,,,,,,,,,,,,,,,68.3476,2026-10-05,,,,,,,,,,,,
BUAFOODS,Buy,"Margin expansion; bid depth swings 2,741 to 135,477; a 40,000-unit position is about 30% of bid depth",2026-10-05,,,,,,,,,,,,,,,,,,,718.617,2026-10-05,,,,,,,,,,,,
SEPLAT,Buy,Capital-return catalyst; Elumelu entity bought 6M shares Sept 30 during the closed period (compliance flag); thin book,2026-10-05,,,,,,,,,,,,,,,,,,,15673.3123,2026-10-05,,,,,,,,,,,,
UPDCREIT,Buy,"Confirmed growth; extended, VWAP up 5.6% since Sept 30, not an entry at these levels",2026-10-05,,,,,,,,,,,,,,,,,,,22.0343,2026-10-05,,,,,,,,,,,,
MAYBAKER,Buy,PBT +50.8%; dip checked clean of disclosures,2026-10-05,,,,,,,,,,,,,,,,,,,38.7331,2026-10-05,,,,,,,,,,,,
CWG,Buy-lean,NED bought 1M at about 18.11; offers outnumber bids 21 to 1 on Oct 5,2026-10-05,,,,,,,,,,,,,,,,,,,19.1131,2026-10-05,,,,,,,,,,,,
AIICO,Buy,PBT +20.6%; up sharply since Sept 30; deep book,2026-10-05,,,,,,,,,,,,,,,,,,,4.0121,2026-10-05,,,,,,,,,,,,
TIP,Buy,"PBT +119.6%, two prior loss years",2026-10-05,,,,,,,,,,,,,,,,,,,26.4868,2026-10-05,,,,,,,,,,,,
FIDSON,Buy,PBT +30.1%,2026-10-05,,,,,,,,,,,,,,,,,,,87.0281,2026-10-05,,,,,,,,,,,,
ETERNA,Buy,PBT +388%; unexplained 5-day +22% spike unwinding (VWAP 41.00 vs 44.00 official),2026-10-05,,,,,,,,,,,,,,,,,,,40.6918,2026-10-05,,,,,,,,,,,,
DANGSUGAR,Buy,Recovery thesis after three loss years,2026-10-05,,,,,,,,,,,,,,,,,,,69.0984,2026-10-05,,,,,,,,,,,,
NASCON,Buy,"Earnings +115%; now in the pipeline, tracked on VWAP from Oct 5",2026-10-05,,,,,,,,,,,,,,,,,,,183.0746,2026-10-05,,,,,,,,,,,,
PZ,Hold,"REFINED Oct 5: Q1 headline PAT -65.6% is a base effect (underlying PBT about +48%) but operating cash flow -N4.3bn and a N2bn related-party loan; VWAP -9.5% after the print; ex-date near Oct 9, wait",2026-10-05,,,,,,,,,,,,,,,,,,,67.9807,2026-10-05,,,,,,,,,,,,
GTCO,"Hold, lean Sell","H1 PAT -7.8%, litigation provision doubled to N20.8bn, CBN fine N150m; ex-date near Oct 12",2026-10-05,,,,,,,,,,,,,,,,,,,132.882,2026-10-05,,,,,,,,,,,,
UBA,Hold,"REFINED Oct 5, conviction lowered: no audited H1 results by the extended Sept 30 deadline and no extension notice found in the NGX index",2026-10-05,,,,,,,,,,,,,,,,,,,45.0273,2026-10-05,,,,,,,,,,,,
ETI,Hold,REFINED Oct 5: EGM on Oct 26 with the sole agenda item of revoking directors mandates; who called it and why is unverified,2026-10-05,,,,,,,,,,,,,,,,,,,69.2133,2026-10-05,,,,,,,,,,,,
WAPIC,Hold,"Real -24% 2-year decline, no red flag, skipped FY2025 dividend",2026-10-05,,,,,,,,,,,,,,,,,,,2.3292,2026-10-05,,,,,,,,,,,,
FIRSTHOLDCO,Hold,Real -45% 2-year decline undercuts the insider-accumulation thesis,2026-10-05,,,,,,,,,,,,,,,,,,,149.697,2026-10-05,,,,,,,,,,,,
STANBIC,Hold,"H1 PAT +38.2% led by trading revenue while core net interest income fell 14% (Sept 30 read); interim N4.50, ex-date near Oct 15",2026-10-05,,,,,,,,,,,,,,,,,,,163.9714,2026-10-05,,,,,,,,,,,,
ACCESSCORP,Hold,"REFINED Oct 5, conviction lowered: H1 results missed the extended Sept 30 deadline, awaiting an unnamed regulatory approval; 434.6M shares traded on Oct 5 at a flat price, cause unverified",2026-10-05,,,,,,,,,,,,,,,,,,,30.0152,2026-10-05,,,,,,,,,,,,
MTNN,"Hold, lean Buy","2023-24 balance-sheet crisis confirmed, IHS acquisition is real de-risking; liquid book",2026-10-05,,,,,,,,,,,,,,,,,,,841.2975,2026-10-05,,,,,,,,,,,,
ZENITHBANK,Hold,No major flag; Q3 board Oct 29,2026-10-05,,,,,,,,,,,,,,,,,,,134.9941,2026-10-05,,,,,,,,,,,,
ARADEL,Hold,"REFINED Oct 5: real VWAP slid from 1,498 (Sept 25) to 1,378 against a frozen 1,530 official close, no filing explains it; debt +12,183% and Q3 on Oct 27 still open; offers outnumber bids 11 to 1",2026-10-05,,,,,,,,,,,,,,,,,,,1378.217,2026-10-05,,,,,,,,,,,,
UACN,"Hold, lean Buy",Livestock Feeds sale priced at N19.5bn cash; DP World Logistics sale still unpriced,2026-10-05,,,,,,,,,,,,,,,,,,,175.5914,2026-10-05,,,,,,,,,,,,
NEM,Hold,No major flag either way,2026-10-05,,,,,,,,,,,,,,,,,,,28.6568,2026-10-05,,,,,,,,,,,,
UNILEVER,Hold,"Unexplained decline, no red flag",2026-10-05,,,,,,,,,,,,,,,,,,,101.267,2026-10-05,,,,,,,,,,,,
BUACEMENT,"Hold, lean Trim",Debt +219%; analyst target below price,2026-10-05,,,,,,,,,,,,,,,,,,,280.9901,2026-10-05,,,,,,,,,,,,
CONHALLPLC,Hold,Earnings surge is investment-gain driven; NED purchase disclosed 6 weeks late,2026-10-05,,,,,,,,,,,,,,,,,,,7.2969,2026-10-05,,,,,,,,,,,,
TRANSCORP,Hold,Insider buys on this ticker tested and failed,2026-10-05,,,,,,,,,,,,,,,,,,,36.4929,2026-10-05,,,,,,,,,,,,
DANGCEM,Hold,"Balance-sheet strengthening, no red flag",2026-10-05,,,,,,,,,,,,,,,,,,,1045.0549,2026-10-05,,,,,,,,,,,,
PRESCO,Hold,"Litigation resolved but no bids for weeks, 1.88M units offered at the limit-down price",2026-10-05,,,,,,,,,,,,,,,,,,,1840.8,2026-10-05,,,,,,,,,,,,
OKOMUOIL,Hold,"No bids for weeks, 807k units offered at the limit-down price",2026-10-05,,,,,,,,,,,,,,,,,,,1148.6,2026-10-05,,,,,,,,,,,,
NAHCO,Hold,"ED Lasisi third sale since mid-August; NED Shobayo bought 248,879 on Sept 29",2026-10-05,,,,,,,,,,,,,,,,,,,141.569,2026-10-05,,,,,,,,,,,,
NPFMCRFBK,Hold,"Thin data, never deeply vetted",2026-10-05,,,,,,,,,,,,,,,,,,,4.2125,2026-10-05,,,,,,,,,,,,
BETAGLAS,"Hold, lean Sell","PBT -11.3%, exited a takeover offer",2026-10-05,,,,,,,,,,,,,,,,,,,475.882,2026-10-05,,,,,,,,,,,,
MBENEFIT,Trim,"PBT -15.7%, ambiguous insider cluster",2026-10-05,,,,,,,,,,,,,,,,,,,3.1912,2026-10-05,,,,,,,,,,,,
INTBREW,Hold,"4 of 5 years were losses, offsets the return-of-capital",2026-10-05,,,,,,,,,,,,,,,,,,,9.7045,2026-10-05,,,,,,,,,,,,
LEARNAFRCA,Sell/Trim,Sustained insider selling; note it rose 9.8% on Oct 5,2026-10-05,,,,,,,,,,,,,,,,,,,8.3415,2026-10-05,,,,,,,,,,,,
CUTIX,Sell/Trim,Auditor resigned and swung to a loss,2026-10-05,,,,,,,,,,,,,,,,,,,2.3119,2026-10-05,,,,,,,,,,,,
CHAMS,Sell,"Escalating insider selling, net seller of 65.7M shares Sept 22-23",2026-10-05,,,,,,,,,,,,,,,,,,,3.2833,2026-10-05,,,,,,,,,,,,
ROYALEX,Avoid,4 of 5 years were losses,2026-10-05,,,,,,,,,,,,,,,,,,,1.0418,2026-10-05,,,,,,,,,,,,
TANTALIZER,Avoid,4 of 5 years were losses,2026-10-05,,,,,,,,,,,,,,,,,,,3.9072,2026-10-05,,,,,,,,,,,,
OANDO,Avoid,Negative equity in all 6 periods checked,2026-10-05,,,,,,,,,,,,,,,,,,,34.3205,2026-10-05,,,,,,,,,,,,
